,add_time,bubble,content,image_paths,image_urls,images,title,user_loc,username
0,2018年10月3日,10,"离市区很近，坐地铁就到了，交通方便,但是景点完全没有规划和一些景点大同小异，且非常脏乱买东西试吃，不买就翻脸，且晚不要去坐游船，贵的吓人，去这里不如去豫园，都是一个羕，不值一提的地方",[],[],[],不要去,加利福尼亚洛杉矶,ulyssese2016
1,2018年8月2日,30,"很古意的古镇,古老的街道及房子,虽古但流于商业化太多!
游街时买了超值好吃的麻花卷,选了家羊肉餐厅味道还不错,服务人员也很好,就是餐厅座位小,整洁度也不够!由于是过年到访,人多到走不动的地步,更别谈好好逛了.
建议平常日到访",[],[],[],特色古镇加特色小吃,,annwang666
2,2018年7月29日,40,全部凹凸不平的石板路，2018年7月底造访，挥汗如雨加上道路崎岖不平，厕所又少及脏，不敢多喝水，简直是对耐力的考验。厕所都没有卫生纸跟洗手液，强烈建议自行携带。商业化严重，虽身处古老街道，实难引发思古幽情，唯有乘坐手摇船，随船老大摇桨摆动穿梭运河，方有古今转换之感，不过挺贵，可坐单程，不必来回。,[],[],[],穿双好走的鞋，避开夏季,新北,Inspiration808101
3,2018年7月27日,40,江南水乡，终于可以一到古镇游览，虽然已经9点几到埗，但都好多人。不过漫步呢个景点好似穿越左返古代咁。重点系个到有间Starbucks，劲靓！不过建议早点到，避开人群。,[],[],[],古色古乡的小镇,香港,kacheung521
4,2018年6月6日,50,朱家角是一个古镇，商业化气息还算可以，好吃的东西好多，特别喜欢那里的粽子，扎肉，鸡汤豆腐脑，好吃的东西都在小巷子里面，便宜又好吃。人蛮多的，挺舒服,[],[],[],游玩的好去处,安徽省合肥市,你的香蕉皮
5,2018年3月31日,40,"很喜欢这里的水乡风情，推介坐游船游览，坐在艇上看看两岸风景很舒泰。
本来想给五星的，但这里商业味太重了，所以扣了一粒。",[],[],[],值得来,,PhiliaLipia
6,2018年3月19日,40,这是离上海比较近的古镇，很有江南的特色。建议在下午4点钟后去，那时候大量的旅行团都已经撤离，你可以看到安静下来的 古镇更加美好。有很多吃吃喝喝的地方，住的民宿也很多，如果时间允许你可以在那里住一晚，清早的朱家角也非常美丽,[],[],[],江南古镇特色,,huangjie
7,2018年1月31日,40,"大世界站3号出口普安路搭乘沪朱高速快线 1小时到达, 但要留意是高速快线, 否则其他班次会中途停站车程长很多,  最好早上九点到达, 及避开周末挤满游人, 门票 30元 包含 4个景点(大清邮局、课直园、艺术馆、药铺), 但建议只看风景不用购票",[],[],[],"最好早上九点到达, 及避开周末",,Ricky_HK
8,2018年1月16日,40,"--朱家角俗称“角里”，隶属于上海市青浦区，是离上海最近的江南水乡古镇。
--镇内小桥流水，古意盎然，展现出江南水乡的缩影。
--在朱家角最出名的地方是放生桥，建于明万历年间，是上海地区最大的壹座五孔联拱石桥。
--另外，北大街有很多特色小吃店，正所谓“长街三里，店铺千家”。",[],[],[],江南古镇,上海市,pennypyffei
9,2018年1月15日,40,"由从市区乘坐沪朱专线巴士45分钟的直通巴士前来朱家角古镇，本身是不需要门票的,但是个别景点是要买票的,有60人民币/80人民币/套票可以选择,大约3小时可以行完整个古镇,
具有古镇风情值得一去",[],[],[],古镇风情值得一去,,nwfb781
10,2018年1月6日,50,第一次到上海旅游，除了必到迪士尼乐园，想找一个近郊一点的观光景点，朋友推介周庄及朱家角，我们最后选了近一点的朱家角。我们包车从浦东的酒店前往，当中有少许塞车，用了75分钟左右到达。进场后，已见中间的小河，有船家撑著舢舨带着游客观光，河道两旁是一所一所的小商店，单是入口的景致，已经拍了很多相片。小商店售买各式各样的特色食品、工艺品，小巷又有简陋摊贩在售买热腾腾的饺子汤，风味一流。沿着河道，可以利用小桥穿插岸的两旁。中午过后，游客渐多，弄巷里挤满人潮，但都不忘买点小食，坐在河边叹咖啡及赏风景，日落过后，我们才离开。,[],[],[],江南景致,,claray108
11,2017年12月31日,50,从市区乘坐45分钟的直通巴士前来朱家角古镇，远离烦嚣，却又不失热闹。感受小桥流水间的夕阳，街道两旁尽是小酒家，小吃店，卖小玩意的店子和酒坊。,[],[],[],值得一看的古镇,香港,tiffany6666
12,2017年11月13日,50,"朱家角古镇位于上海的青浦区，距离上海的市区50公里。工作日下午附近拜访完客户，过来兜兜转转。门口有专门的停车场，20元可以畅停。朱家角古镇是不需要门票的，里面壹些景点是要买票的。古镇不是特别的大，大概1个小时左右就可游玩完毕。在古镇上可以看见各种美食，扎肉，糖藕，蹄髈，糕点等等，沿湖有很多餐馆，和装修有特色的咖啡馆茶馆，可以坐下来喝上壹杯。
摇船游览有分为80元半程和150元全程，每船最多可做6人。沿街走走逛逛享受慢生活，人生就该如此简单惬意。",[],[],[],朱家角古镇位于上海的青浦区，距离上海的市区50公里,香港,fish615
13,2017年11月10日,40,朱家角是一个古镇，但有些地方还是有点商业化，好吃的东西好多，特别喜欢那里的粽子，便宜又好吃。旅游的地方就少不了人，人太多了，感觉少了点悠闲。,[],[],[],朱家角一游,上海市,liuxybestwish
14,2017年10月12日,40,小桥流水人家 江南风情水乡古镇 一边欣赏风景 沿路还许多店家可以品尝当地特色菜与小吃  逛累了回程可以搭游船欣赏风景,[],[],[],古镇,,Trek735336
15,2017年10月10日,50,这是上海存在的水乡古镇，保存完好的古代街道及维护后的商业街道，旅游商品品种很多，特别要提的是，很多上海特殊特色的小吃店。,[],[],[],家庭旅游的好地方,海南省海口市,hntlts
16,2017年7月29日,50,这是个典型的江南古镇风情，但交通不太方便，建议先乘地铁再转计程车。进去朱家角是不用门票的，但若果要到特定景点，要购买门票。特别推介乘搭小船观赏镇内的景色。,[],[],[],必去的景点,,V3488MCmichelleh
17,2017年7月2日,50,路途有些遥远，但是看到美丽的风景就觉得值得了，到处都古色古香，如果撇开拥挤的人潮，是可以晃上一整天的。巴士站出口有许多人力车，用话术要赚你的钱但是要记得进去朱家角是不用门票的，只有特定的景点才需要，所以要斟酌需求,[],[],[],美丽的古镇,,Janna413061
18,2018年7月14日,30,"从上海市中心搭地铁过去，大约是一个小时，到站后走大概15分钟便会到达古镇，古镇没有围栏的，不用参观费，现在还是民居，参观时要注意不要打扰当地人的生活，主要有几条大街，商店的货品没有什么特色，随便走走就可，倒是有几间咖啡店的布置颇为别致，累了可以进去饮杯咖啡。镇内的河水不甚干净，并不建议坐艇参观，因为河水都有一阵臭味。有名的大清邮局参观费只是＄5 ,但是里面完全没有什么展品，只有几张老旧的明信片，内里也只像是一间普通的民房，没有什么值得参观，而且里面没有冷气，夏天去会很热。童天和药房也是没有什么值得参观的。景色最美的是放生桥，我们刚好在日落时分到达，拍了很多美照。最后我们逛了大约两个小时便坐地铁回上海市中心。","['images\\13_b1_58_12_photo2jpg.jpg', 'images\\13_b1_58_10_photo1jpg.jpg', 'images\\13_b1_58_0f_photo0jpg.jpg']","['https://ccm.ddcdn.com/ext/photo-l/13/b1/58/12/photo2jpg.jpg', 'https://ccm.ddcdn.com/ext/photo-l/13/b1/58/10/photo1jpg.jpg', 'https://ccm.ddcdn.com/ext/photo-l/13/b1/58/0f/photo0jpg.jpg']","[{'url': 'https://ccm.ddcdn.com/ext/photo-l/13/b1/58/12/photo2jpg.jpg', 'path': '13_b1_58_12_photo2jpg.jpg', 'checksum': 'a37d6b6cd5032fe6d6cd4072e54dd04d'}, {'url': 'https://ccm.ddcdn.com/ext/photo-l/13/b1/58/10/photo1jpg.jpg', 'path': '13_b1_58_10_photo1jpg.jpg', 'checksum': 'c83a959b26c298336b6e89844dd8ad89'}, {'url': 'https://ccm.ddcdn.com/ext/photo-l/13/b1/58/0f/photo0jpg.jpg', 'path': '13_b1_58_0f_photo0jpg.jpg', 'checksum': '8518a3ec4b12a48fb35883095e618a41'}]",一逛无妨,,hanWww
19,2018年4月5日,50,小桥流水人家，典型的江南古镇，上海市区开车高速50分钟就可以到达，新开通的17号线30分钟也可以顺利到达，北大街上面好多当地特色美食，喜欢！放生桥变的星爸爸也很有味道,['images\\12_ac_59_81_photo0jpg.jpg'],['https://ccm.ddcdn.com/photo-l/12/ac/59/81/photo0jpg.jpg'],"[{'url': 'https://ccm.ddcdn.com/photo-l/12/ac/59/81/photo0jpg.jpg', 'path': '12_ac_59_81_photo0jpg.jpg', 'checksum': '352c4ce9b7105e9075c8f5574fb8471e'}]",江南古镇,上海市,陈吉缌翰1981
20,2017年6月24日,40,这里算典型的江南古镇风情，小桥流水。但毕竟是旅游名胜，所以商业化在所难免。此处对于观光客而言，交通还是有不太方便之处，所以还是先做好功课再来。如果以搭地铁方便的话，我还是先建议去七宝古镇先。,[],[],[],典型的江南古镇,,Seaside381658
21,2017年5月5日,40,每次回国探亲必去的地方，只是那边的肉棕这次觉得没以前那种味道了，但那里酱园的大头菜和生姜味道还是一如既往，扎肉蛮诱人但这次没买，回家还在后悔,[],[],[],不错的旅游景点,哥伦比亚特区华盛顿特区,2561604135
22,2017年5月2日,40,游人大多会去的是古镇的几个著名景点，例如放生桥、城隍庙等等。桥上、巷子里密不透风的人群，总会让第一次来的游客感到“噢，朱家角不过如此，大约商业化古镇都是这样”。但实际上，角里多得是你不知道的闲情逸致。往深处走，有当地人开的茶馆和咖啡店，临着河、靠着窗，看着玻璃外热火朝天摆造型的人群，独享一份清静。又或者，在露台遮阳伞下找一张木桌，周围被绿植环绕，眼前就是空无一人的河道，好像这世界只剩一人。如果和三五好友一同前来，可以在有投影仪的小店坐下，啤酒、咖啡、小吃和电影，窝在沙发里打发一个下午的时间，运气好可以包下整间店。,[],[],[],小桥、流水、咖啡、电影,上海市,Jaasminee_loL
23,2017年8月31日,40,很有特色的建筑，交通上挺方便的，也有很多小东西可以逛，每个点都很漂亮，也适合拍照，真的是有像水上威尼斯的感觉呢～,"['images\\10_7d_f0_b2_p-20170827-164102-largejpg.jpg', 'images\\10_7d_f0_ab_p-20170827-113653-largejpg_rotated_90.jpg', 'images\\10_7d_f0_ac_p-20170827-113114-largejpg.jpg', 'images\\10_7d_f0_aa_p-20170827-113106-largejpg.jpg']","['https://ccm.ddcdn.com/ext/photo-f/10/7d/f0/b2/p-20170827-164102-largejpg.jpg', 'https://ccm.ddcdn.com/ext/photo-f/10/7d/f0/ab/p-20170827-113653-largejpg_rotated_90.jpg', 'https://ccm.ddcdn.com/ext/photo-f/10/7d/f0/ac/p-20170827-113114-largejpg.jpg', 'https://ccm.ddcdn.com/ext/photo-f/10/7d/f0/aa/p-20170827-113106-largejpg.jpg']","[{'url': 'https://ccm.ddcdn.com/ext/photo-f/10/7d/f0/b2/p-20170827-164102-largejpg.jpg', 'path': '10_7d_f0_b2_p-20170827-164102-largejpg.jpg', 'checksum': 'aad7ad86377b91fbf53ec154d818070e'}, {'url': 'https://ccm.ddcdn.com/ext/photo-f/10/7d/f0/ab/p-20170827-113653-largejpg_rotated_90.jpg', 'path': '10_7d_f0_ab_p-20170827-113653-largejpg_rotated_90.jpg', 'checksum': 'dd0f317340286f426ea217063f8ece3f'}, {'url': 'https://ccm.ddcdn.com/ext/photo-f/10/7d/f0/ac/p-20170827-113114-largejpg.jpg', 'path': '10_7d_f0_ac_p-20170827-113114-largejpg.jpg', 'checksum': '7cc878f11b20a11f459193f70a5c1da0'}, {'url': 'https://ccm.ddcdn.com/ext/photo-f/10/7d/f0/aa/p-20170827-113106-largejpg.jpg', 'path': '10_7d_f0_aa_p-20170827-113106-largejpg.jpg', 'checksum': '76a8c13406279581fe260bfe24b2f559'}]",有特色的古镇,,cloudh16
24,2017年1月31日,50,这个景点很赞，小桥流水，地方够大，一行可以行半日，需然离市中心远左小小，开头都谂紧去5去好，好彩最后去左，不然一定会后悔，,[],[],[],美,,KuaiLaiI
25,2017年1月25日,50,"“小桥流水天然景，原汁原味明清街”，这是对朱家角古镇的形容，这里的天然外景不禁被许多影视导演慧眼相中，而纷至沓来。水乡古镇婀娜风姿，一时成了海内外影视竞相拍摄的热点，被人誉为“沪郊的好莱坞”。
朱家角的一桥、一街、一寺、一庙、一厅、一馆、二园、三湾、二十六弄，是阳明海外的。漕港河将朱家角分成两半，北岸井亭港，南岸北大街，两岸遍布蜿蜒曲折的小巷，花岗岩石的街面，青砖黛瓦的明清建筑及众多的历史遗迹。
　　 名镇朱家角迷人之处还有是世人皆知的“三多”，就是名人多，明清建筑多，河埠、缆石、茶馆多。
　　 朱家角水之美、桥之古、街之奇、园之精，不临其境，难言其妙，不踏石板老街，不探深巷幽弄，不走拱型石桥，不乘咿呀小舟，又如何体现“船在水上行，人在画中游”的感觉？
　　 古镇朱家角，桥多、弄多、角多，显露出无限的水乡文化气息。朱家角因水而秀，因水而盛，数百年造就了无数豪杰，今天，朱家角人又不断延伸了这条悠悠文化之源。犹如绿叶衬牡丹，给水乡泽国添上重重一笔。",[],[],[],水乡古镇,,WAGNQIN
26,2016年12月19日,30,位于上海青浦区，始建于宋元年间，中学时秋游去过，和一般古镇差别不大，都是小桥流水，青砖红瓦，印象中朱家角的蹄髈和扎肉味道不错。,[],[],[],这类型的古镇很多,上海市,364027132
27,2016年12月15日,40,朱家角古镇是上海郊区的水乡，隶属于上海青浦区，从人民广场附近的公交车站乘车过去，至少要一个小时。古镇本身没什么特别，跟江南许多古镇一样，主要是小桥流水人家，但这里还有一座漂亮的教堂，不注意的话很容易错过。,[],[],[],上海郊区的水乡,上海市,Huumuu
28,2016年11月30日,40,"抵达时起了大雾，微风细雨，潮湿的石板街脚步杂沓，令人更感黏腻。我们一行人于是去喝茶嗑瓜子聊天，伴着听不是很懂的说书声赏雨，不知怎地也文艺了起来。
后来雨渐渐大了，店内来了许多躲雨的人，我们反而提着伞离开，街上行人一洗而空，循着套票走遍整个朱家角的景点，有些失望有些惊喜，却是十分有趣的。
一场雨，带来前半个下午的文艺，与后半个下午寥寥数人的朱家角，真是幸运。",[],[],[],古镇逢雨,,Camper809334
29,2016年11月25日,50,每年的7-9月的朱家角充满文艺的气息，谭盾《水月堂》和张继青的青年版《牡丹亭》每周六的晚上都会在这里上演，配合著这里水乡的气氛，十分有韵味，同时还能欣赏到日本设计大师矶崎新设计充满音乐感的建筑水月堂，《牡丹亭》是在水月堂隔壁的园子里上演的，壹个古典壹个现代，能感受不壹样的朱家角。,[],[],[],文艺气息的朱家角,湖南省长沙市,foreverhide
30,2016年10月21日,30,古镇是江南水乡的味道，不知道是不是上海现在作为一个太繁华的大都市，反而没法将这样的小镇与上海联系起来，最相同的地方就是人很多,[],[],[],反而觉得不像上海,,旅行中的蚂蚁
31,2016年10月15日,40,去的时候碰到长假，人非常的多，有时候甚至会被后面的人推著前进。整个风景很漂亮，建筑物保存的还不错。建议不要在长假时造访，可能会比较轻松一点。,[],[],[],风景宜人，但是已经很商业化,,JamesL4109
32,2016年7月31日,40,我觉得这个地方好舒服。 我喜欢这个古代的建筑。 房间很大. 卫生很干净. 我特别喜欢一出门就到古城。 价钱也比较便宜。 如果我们夏天再去的话 我会带一些蚊子膏，因为我们在湖边晚上蚊子比较多。 除了这个，我什么都很满意。,[],[],[],走进过去,,667tengy
33,2017年3月22日,50,朱家角古镇是上海人出行最便捷的古镇，就位于青浦区。周末想放松心情，又没有时间远行。拿上背包，开车几十分钟就到达了。古镇现在免门票，虽然已经有很多配套商店，让古镇古色古香少了几分，但是也便捷了吃饭购物不是吗？只是满大街的古镇老奶奶肉粽，不知道哪家是真正好吃的？,"['images\\0e_e5_2f_c9_caption.jpg', 'images\\0e_e5_2f_c8_caption.jpg', 'images\\0e_e5_2f_c6_1.jpg', 'images\\0e_e5_2f_c7_caption.jpg']","['https://ccm.ddcdn.com/photo-l/0e/e5/2f/c9/caption.jpg', 'https://ccm.ddcdn.com/photo-l/0e/e5/2f/c8/caption.jpg', 'https://ccm.ddcdn.com/photo-l/0e/e5/2f/c6/1.jpg', 'https://ccm.ddcdn.com/photo-l/0e/e5/2f/c7/caption.jpg']","[{'url': 'https://ccm.ddcdn.com/photo-l/0e/e5/2f/c9/caption.jpg', 'path': '0e_e5_2f_c9_caption.jpg', 'checksum': 'acc56fcaace451120d709184f2ce09f6'}, {'url': 'https://ccm.ddcdn.com/photo-l/0e/e5/2f/c8/caption.jpg', 'path': '0e_e5_2f_c8_caption.jpg', 'checksum': '94c5e0056889d12f429ce59708f587cf'}, {'url': 'https://ccm.ddcdn.com/photo-l/0e/e5/2f/c6/1.jpg', 'path': '0e_e5_2f_c6_1.jpg', 'checksum': '647d445205c9da353a0f20d5411a1d1a'}, {'url': 'https://ccm.ddcdn.com/photo-l/0e/e5/2f/c7/caption.jpg', 'path': '0e_e5_2f_c7_caption.jpg', 'checksum': '3234963bd1a3fc86803062e9675c1d42'}]",水乡古镇,上海市,salian519
34,2017年3月2日,40,"坐地铁再转公车，对自助旅行的人来说还蛮方便的，约1个多小时，沿途看到上海外围的环境颇进步，古镇里面就是标准的小桥流水，不知是否周一的关系，有些店家没开，人很少，整个镇的规模也比较小，若是到上海旅游又不想只待在市中心，不妨走走
* 南京东路搭NO.2地铁到朱家角
   (底站徐泾东)，9号出口
    再换朱徐线公交车去「朱家角」
    • 公交车 RMB 6*2","['images\\0e_90_9c_c0_photo1jpg.jpg', 'images\\0e_90_9c_c1_photo2jpg.jpg', 'images\\0e_90_9c_bf_photo0jpg.jpg', 'images\\0e_90_9c_c2_photo3jpg.jpg']","['https://ccm.ddcdn.com/ext/photo-l/0e/90/9c/c0/photo1jpg.jpg', 'https://ccm.ddcdn.com/ext/photo-l/0e/90/9c/c1/photo2jpg.jpg', 'https://ccm.ddcdn.com/ext/photo-l/0e/90/9c/bf/photo0jpg.jpg', 'https://ccm.ddcdn.com/ext/photo-l/0e/90/9c/c2/photo3jpg.jpg']","[{'url': 'https://ccm.ddcdn.com/ext/photo-l/0e/90/9c/c0/photo1jpg.jpg', 'path': '0e_90_9c_c0_photo1jpg.jpg', 'checksum': '798dff530c24129bc8e1822aa9fcf051'}, {'url': 'https://ccm.ddcdn.com/ext/photo-l/0e/90/9c/c1/photo2jpg.jpg', 'path': '0e_90_9c_c1_photo2jpg.jpg', 'checksum': '2445fc78b28e6cf47d74c097a4357299'}, {'url': 'https://ccm.ddcdn.com/ext/photo-l/0e/90/9c/bf/photo0jpg.jpg', 'path': '0e_90_9c_bf_photo0jpg.jpg', 'checksum': 'dde622a900a92d4230d2d4f13fbad7f8'}, {'url': 'https://ccm.ddcdn.com/ext/photo-l/0e/90/9c/c2/photo3jpg.jpg', 'path': '0e_90_9c_c2_photo3jpg.jpg', 'checksum': '3a57304fe83a082c86c0dac28800ee00'}]",上海附近的景点,,Jean0206
35,2016年7月21日,40,上周六跟朋友自驾游去的朱家角，果然所有的古镇都是差不多的啊，不过感觉朱家角还算是比较大的，可能是我们停车停太远，一直从居民区那边一直走过去的原因吧，古色古香,[],[],[],不错的古镇,,吴冬惠
36,2016年6月28日,40,我们自己开车，不过路真不好找。一开始进去还真不觉得大，继续逛就觉得把蜿蜒的巷弄要逛完不简单，尤其是人太多了，走起来很辛苦，去的早还好，一过中午不得了，但是景致还是很好。小桥流水，不过人家都太商业化了。卖文艺范衣服的不少价钱可以谈，也有很多给你穿古装拍照的店家，我在这儿的一家小店铺买到了绿果的菩提子品质很好像玉一般透润，也有很多卖蚌珠的店家可以现剖现开.,[],[],[],人潮爆多超级商业化的古镇,,MonicaF3601
37,2016年6月13日,40,在上海生活多年，周边的江南古镇很多，也基本都去过。大同小异吧，如果身在魔都，舍远求近，这里是个不错的选择。算是比较大的古镇，吃喝玩乐都有，商业化很严重。,[],[],[],古镇中算是不错的一个,上海市,徙徒
38,2016年4月6日,50,"朱家角趁她还未太过商业化的时候我和好友来到了这里，住了一晚，在酒吧听着慢摇小调呆到黑天一路狂奔回到旅店。就是开心就是来解放的！
不推荐买那些猪蹄糕点，推荐一个当地住青浦的伙伴推荐的入口处有一家桂林米粉特别好吃！",[],[],[],不买只是去呼吸上海最后一片新鲜的空气,上海市,douxhd
39,2016年4月5日,30,"以前要收取的门票,现再已取消,当地区民陆续将自家宅第扩建成为观光区,景区范围变大了,但是商业气息越发浓厚,少了原本水上人家的璞趣~
对于旅游时间有限的游客而言,倒也还是一个可以游游船,赏赏景的散心去处~~",[],[],[],位于上海市区内的<水上人家>~,台北市,nancy921
40,2016年3月8日,50,适合午后闲暇时去走走，游人比较多，要注意物品安全，小东西都不用买，可以试试肉粽，味道好吃，走一走小桥流水，试一试当地的糯米糖藕，还有糟鸡爪，出门有家三联书店，值得一逛,[],[],[],朱家角,,Guide805146
41,2016年2月4日,40,在看过上海的各个古镇走，觉得还是朱家角比较古朴和完整，虽然商业家气息越来越严重，但是还是可以作为周末休息的好地方。,[],[],[],小桥流水人家,上海市,丫字拖
42,2016年1月29日,40,"朱家角是上海人的后花园，也是上海保留最完好的水乡古镇，每到周末或者节假日，这里人满为患，不建议节假日前往。从上海市区到朱家角交通比较方便，可以从普安路乘坐沪朱专线高速直达朱家角汽车站，大约一个多小时，也可以从上海南站乘坐上朱线，不过上朱线并不是所有的车都到朱家角，很多车只到青浦汽车站，从那里换乘其他公交车去朱家角，路上的时间也比较长，超过两个小时。朱家角整个景区是免费开放的，可以随意进出，但是景区内有几个景点单独收费，可以购买联票40元，游览所有的景点，也可以在每个景点单独购票入内。
江南的水乡看起来都差不多，朱家角也是一样的，典型的明清建筑，古镇上的街巷普遍的都很窄，街边的房子都是古式的木制建筑，不过朱家角比较商业化，街边的商铺一家挨着一家，到了节假日期间根本走不动。古镇上的饭馆也很多，大多是当地人开的，面积不大，有一些当地特色农家菜，有清蒸白水鱼，朱家角扎肉，蹄膀等，扎肉建议尝尝，这是五花肉用稻草捆绑起来经过长时间炖煮，肉肥而不腻，夹杂着稻草的清香，而且价格不贵，3元一块。
朱家角的放生桥是目前上海现存最大的一座古桥，一条河把朱家角古镇分成了两半，通过放生桥连接起来，桥头有游船码头...",[],[],[],节假日人特别多,上海市,river2014大河
43,2016年1月14日,30,这些年的发展，导致朱家角古镇已经商业化过度了，每家都在做生意，没有了以前那种清净的感觉了。再去的时候感觉非常不好，就是一个字：乱。,[],[],[],商业化过度,上海市,扁头男
44,2016年1月13日,50,这是在上海最西段的一个江南古镇，明清时期的建筑随处可见，一条小溪穿城而过，两边的店铺充满了生活气息，各类小吃冲击游客的视线。交通也方便，人民广场有直达车，还可以乘坐地跌2号线到徐泾东后从朱徐线，南站有直达车。古镇是不需要买门票的，进入景点才需要买，看各人所愿了。,[],[],[],江南古镇之一,上海市,随心飘飞
45,2015年12月21日,30,虽然不要门票，但是里面的小景点还是需要门票，当然也不是强行购买，周边停车有停车场。古镇内部太商业化，没有自己的特色。放生桥旁边都在卖鱼和乌龟。不知道放生的意义还有人明白么。,[],[],[],近郊的古镇,上海,球瓦尔多
46,2015年12月21日,50,坐地铁到大世界站下，走到普安路延安东路总站乘沪朱高速快线到朱家角总站下，路程比较长，2小时左右。现在朱家角不要门票了，不过里面的民俗风情游等等项目是需要买票的。朱家角古镇和大多数古镇差不多，都是江南古镇小桥流水的特色。朱家角有一些小吃比较有特色。,[],[],[],长街三里，店铺千家,上海市,vivian婷
47,2015年12月10日,30,节假日人超多，都已本地人为主。这里的名气不如30公里外的周庄，因此外地人都愿意去周庄，不过朱家角的优点在于是免费的，风景周庄更佳,[],[],[],上海唯一的古镇,上海市,towest
48,2015年12月4日,40,江南十大古镇，朱家角是其中之一。也是上海最有名的古镇之一，位于上海的西南角。我几乎每年都会到朱家角古镇去逛逛，有时候在那里的青年旅舍住上一晚。说不定会有所灵感或者发现。拍出极为漂亮的照片。古镇里的放生桥是保存最完好的建筑，而每条小路里都能买到好吃的朱家角粽子，味道非常不错。希望下次去能有更多新的发现。,[],[],[],沪上古镇之首,上海市,smad
49,2015年12月1日,40,"朱家角去过多次,但与网友同游还是从今年开始的,今年夏天鞋童{梦里霞客}带女儿来上海游玩时与{Tom09}一起陪同去过,这次去是因为鞋童{钟鸣}来上海聚会在我和{自游客}陪同下前往游玩.
交通小贴士：1.沪朱专线：普安路→朱家角汽车站，票价12元，大约一个半小时的车程就到了朱家角； 2.上朱线：上海南站→朱家角汽车站。３.从上海体育场坐旅游4号线直达。
江南的细雨，朦朦胧胧，淅淅沥沥，仿佛缠绵的情人。走在湿湿的石板街上，滑滑的，心中有股别样的感觉。为这里的郁郁葱葱和秋韵气息而陶醉，让我忘记了身上外衣里还有朔风和寒冷的影子。
站在这小桥上往四周看，水乡风情还是那么浓。吸引不少爱好古镇的游客纷纷摄影留念。
今天的阴天，没有破坏我们的心情，反而因为和同程网鞋童一起游，越发欣赏这不温不火的江南细雨。宁愿鞋子打湿，腿脚觉寒，也不想离开这个雾霭漫天的秋意古镇。街道两旁的古玩店、字画店、风情纪念品店、特色小吃铺等等，都成了吸引我的磁铁。慢慢浏览，慢慢被感动，走走拍拍，以至于我们下午一点才吃午饭.",[],[],[],上海最美水乡古镇,上海市,蓝色的郁金香
50,2015年11月28日,50,"這裡捷運還在蓋當中, 要來只能透過開車或BUS. 也因此除了六日外, 一到五的少遊客讓這裡保持了一份清幽. 因為離我工作的地點很近, 每次有外地或外國客人來,我必定帶他們造訪. 很建議來這裡走走, 物價算中下, 不像其他觀光地漫添亂喊價, 治安良好.",[],[],[],很棒的江南小鎮,上海市,tinachen2008
51,2015年11月25日,30,有地铁过去还算方便，但是周末人非常多，不过可以买到很多好吃的糕，蹄髈，粽子等等。有游船可以乘坐，周末放松下心情不错。,[],[],[],周末人非常多，不过可以买到很多好吃的糕,上海市,Suki_172
52,2015年11月11日,50,"離上海市很近，車程約是一小時左右
雖不如烏鎮來的大，但細細瀏覽是可以有豐富的一天
整個古鎮都很美麗，有很多小餐館和茶館可以選擇
河畔邊有些需要付費的展覽古蹟
收費不高，有時間是可以觀的
如不想多花門票，其實細走每一巷弄也是很好的
很值得前往的景點！",[],[],[],一定要去的地方！！,台湾,aa8859
53,2015年9月26日,40,"去年上巳节上海市在朱家角附近的一个公园里搞了汉服仪式，作为高校社团跟着去看热闹，下午就顺便来朱家角玩。
相对于西塘周庄这类古镇来说人已经很少了，至少没那么多夕阳红旅行团。但还是挤…
路边有卖火烤糍粑的，很好吃……其他食物跟江浙沪的都差不多。",[],[],[],上巳节之后,台北市,星酒
54,2015年8月15日,50,前几天下午到的，朋友们说喝个咖啡吧。一座下来忘记了时间，时间仿佛停止了。非常平静的古镇。我们是周四下午来的，人不多。天气也很好。差点赶不上游船，船是16:30结束，请合理安排好你的行程哦。古镇的北大街上的汤团店是我最喜欢的小吃，有机会总要吃几个汤团，再吃碗牛肉面，满足啊。课植园很美，里面人不多，但是非常喜欢，旺季时晚上有牡丹亭表演，希望下次有机会去看。,[],[],[],上海周边最好的古镇,上海市,华琳Jessie
55,2014年12月2日,50,乘着小船摇摆着穿过小桥，找间咖啡馆或茶馆，依著河岸庸懒的享受下午茶，悠闲及惬意是这个地方最佳的注解。别急着匆匆走过，花个一天的时间来慢慢的品尝这里吧！,[],[],[],小桥流水,,Global804849
56,2014年8月21日,40,上海周边的古镇都差不多，朱家角的商业气氛相对淡一些也比较近，有个清代邮局值得一去，古老的感觉，另外有个放生桥，可以坐船一游,[],[],[],邮局有特色,,51Trip
57,2014年6月4日,40,古镇，一直让我很纠结。喜欢老镇的气氛，但是又担心那种商业气息太浓，不仅看不到原本的老镇风光，还要想吃了苍蝇一样恶心半天。朱家角呢，我去之前根本就没有抱什么希望，但是因为去的时候是周一，有人比较少，所以印象倒也没有坏到像西塘那个程度。河面比较干净，吃到了新鲜的菱角是对朱家角的好印象之处。,[],[],[],吃到了菱角。周一人少。,北京市,Linyuki
58,2014年5月7日,40,稍稍距离上海市区有些远，不过现在交通也很方便了，停车也不困难。来的时候有点下雨，人不是很多，感觉还是蛮清幽的，有点江南古镇那种韵味。,[],[],[],还可以,上海市,喵喵的喵喵
59,2014年2月17日,40,租了一条小船，河道不宽，船家挺友好的把船划的很稳，速度适中，让我们能够很好的看到两岸的景色。在这里看到的上海是一个宁静的上海，一个远离都市喧闹的上海，这里有江南水乡温婉柔美的特点。,[],[],[],温婉柔美,江苏省苏州市,做你的情人在夜里哭
60,2013年11月3日,40,一说到“上海”，大家的第一印象或许就是国际化大都市，可是来到朱家角，会让你忘记一切，从而重新认识古老的上海的生命力，类似江南小镇，很有韵味，远离喧嚣，回归本真！,[],[],[],回归本真,北京市,马桶上的天使
61,2013年8月23日,50,从上海南站直接坐上朱线就可以到，不过好远。去的那天下着小雨，很有赶脚。人很多，拍照里面都是集体照，尤其是那个桥附近。小吃有个神马糕样子很cute味道一般。里面有个地方有只鹦鹉很萌，还会嗑瓜子的。,[],[],[],商业化还不太大可以逛逛,江苏省南京市,地瓜红薯
62,2013年7月12日,30,和朋友一起来这里游玩，朱家角其中的建筑还是古时的建筑，不过人文早已消亡。进入古镇，看到一些破破烂烂的船只，在邀请游人上船游览。而古镇里面老建筑都已经是小吃一条街，而且卖的东西大同小异。一个好的古镇，除了景观，更重要的是人文，否则只不过是金玉其外，败絮其中。,[],[],[],消失的古镇,上海市,隐藏在暗处的精灵
63,2013年7月1日,40,来到了’东方威尼斯'啦，在放生桥上拍个照，在河边闲逛，吹吹风，好舒服啊！镇上还有好些有特色的小店，忽而又有些鼓浪屿的味道。不过，看到看到'猪'家角的’美食’，我就觉得腻s了！因为都是大大的肥肉啊！,[],[],[],不愧为东方威尼斯,广东省广州市,Vickylhq
64,2013年6月14日,50,小河、白墙、古桥、摇船，构成了如画的江南风景。好美呀、弄壶黄酒，来个糟毛豆配醉鱼熏鱼什么的，别提多惬意咯。这里没有周庄的喧闹但江南韵味丝毫不减。,[],[],[],如画江南,上海市,doshdo
65,2013年6月6日,50,离开上海前还有1天时间，就又去朱家角溜达了半天。从市区去朱家角水镇很方便，有多条公交和专线车。从人民广场那坐的专线车，1个多小时就到了，下车从停车场转个弯就到了景区门口。这里的门票很人性化，在入口，工作人员就告诉你，门票有三类，含游船的新水乡访古游是80元，不含游船新水乡访古游是60元，如果你提前在官网上购买还可以打八折，另外民俗风情游才30元，但也包含了课植园、大清邮局、童天和药号、人文艺术馆等主要景点。但是如果你只是在古镇上四处逛逛，是不需要门票的，而且古镇里面几家介绍传统手工业、农艺的地方也是免费游览体验的。去的那天有风，不方便坐船，既然来了还是买了张门票。这里的和别的水乡不同的是，也有商铺林立的热闹老街，白发阿婆在那里先包现卖的大肉粽，油汪汪的猪蹄都好诱人，但更多的是原住民仍然在起居生活的老弄堂，完全没有商业氛围，在石板路上慢悠悠地晃到大清邮局的老房子里恍如隔世。在拍小河上的木质廊桥时竟然都没有游人闯入，一切都很闲散。顺着河边去课植园，小桥流水老房子，就像又回到80年代前后的童年时光里。,[],[],[],门票，买与不买随你,,lingdianyiyi
66,2013年5月14日,40,朱家角古镇离上海大概要五十分钟车程，是一个水乡，在这里你一样能领略到江南水乡的风情：即小桥，流水，人家，而且这里名气没有乌镇那么大，因而游客也少一些，很安静，逛起来更舒服一些。,[],[],[],水乡,浙江省杭州市,慢慢aini
67,2013年2月25日,40,这里是上海市区以外最近的古镇了，所以来的人一直很多，现在也很商业化了，基本就是一个古镇背景的购物街。这里最有名的还是放生桥，但是现在有人提供卖鱼，放鱼的一条龙服务，感觉好不虔诚。,[],[],[],商业化比较严重,上海市,哓哓公主
68,2013年2月19日,50,历史悠久的古镇，小桥流水人家一副“江南水乡”的画卷。街上商户“众多”，各式小吃扎堆，“人也非常非常的多，周末来这里放松心情看看还是不错的,[],[],[],上海周边古镇,上海市,markcai
69,2012年9月22日,40,离上海市区大概一小时路程，算是比较近的古镇，和其他江南古镇一样商业开发之后满大街的商铺，各种小吃，也算可以逛逛的，十月过后还能到那里去吃太湖大闸蟹，黄昏后游客减少，这时古镇的宁静才慢慢显现，建议住一晚,[],[],[],小桥流水古镇,上海市,乔伊馥
70,2017年3月12日,30,"其实去过的江南古镇也不少了，周庄，龙门，安昌，西塘......，这次又去了个魔都的朱家角。古镇总是大同小异，只是人一多，商业化一浓，就觉得趣味性立减了。不幸的是朱家角可能是因为就在大魔都内，魔都人民闲来无事都来逛了，到处都是人人人人人，让人不由自主的只想要快点逃离。真是什么地方人一多，再美的景色都要大打折扣啊。
古镇上的店铺也很雷同，上次去的西塘古镇里有“管老太臭豆腐”，朱家角一样也有，管老太看来也与时俱进集团化管理了。与西塘古镇类似的桥，类似的一条河，类似的船......真的很容易审美疲劳。要说稍有不同，可能就是河边上的这座庙吧。到处都是人，好不容易才找到这样一扇没有人来人往的门。转眼已是午后，在镇上买了一盒据说是野生的乌梅后开始觅食。古镇上的名菜应该是扎肉和猪蹄，但是这好像也是周庄的名菜吧。有心想请想小朋友吃点古镇特色，但是小朋友一如既往的要求吃面条，也罢，就随便挑了一间小店点了面条，汤包和臭豆腐。没有兴致看人，就在镇上看看鸟吧。这只不学无术不会说话的鹦鹉，一直在坚持不懈的吃一颗一位阿姨给的硬糖。有的时候，时间就是用来浪费的，我和小朋友就一直傻傻的看着鹦鹉吃糖，直到它把糖吃光才走。","['images\\0e_ce_5e_8e_img-1995848942-largejpg.jpg', 'images\\0e_ce_5e_91_img-1450112394-largejpg.jpg', 'images\\0e_ce_5e_92_img-1889700358-largejpg.jpg', 'images\\0e_ce_5e_8f_img-1317549208-largejpg.jpg']","['https://ccm.ddcdn.com/photo-l/0e/ce/5e/8e/img-1995848942-largejpg.jpg', 'https://ccm.ddcdn.com/photo-l/0e/ce/5e/91/img-1450112394-largejpg.jpg', 'https://ccm.ddcdn.com/photo-l/0e/ce/5e/92/img-1889700358-largejpg.jpg', 'https://ccm.ddcdn.com/photo-l/0e/ce/5e/8f/img-1317549208-largejpg.jpg']","[{'url': 'https://ccm.ddcdn.com/photo-l/0e/ce/5e/8e/img-1995848942-largejpg.jpg', 'path': '0e_ce_5e_8e_img-1995848942-largejpg.jpg', 'checksum': '58bb9aacb66a12077aab6d0b97611dfd'}, {'url': 'https://ccm.ddcdn.com/photo-l/0e/ce/5e/91/img-1450112394-largejpg.jpg', 'path': '0e_ce_5e_91_img-1450112394-largejpg.jpg', 'checksum': 'b043dda1102de377ef81420c17f52ead'}, {'url': 'https://ccm.ddcdn.com/photo-l/0e/ce/5e/92/img-1889700358-largejpg.jpg', 'path': '0e_ce_5e_92_img-1889700358-largejpg.jpg', 'checksum': 'a9b699204032097df69da22d1d54aff5'}, {'url': 'https://ccm.ddcdn.com/photo-l/0e/ce/5e/8f/img-1317549208-largejpg.jpg', 'path': '0e_ce_5e_8f_img-1317549208-largejpg.jpg', 'checksum': '640e622368cc672fac79e6ad39992dc2'}]",游客多多，商业化氛围浓,杭州,杂志狂人
71,2012年4月26日,30,"商业气息浓厚，建筑也算真，景点比七宝啥的要多些，以朱家角粽子，熏青豆等为特产，还有附近的熏拉丝，豆腐干，扎肉，万三蹄等。除了卖粽子小吃之外大部分商铺老板都是外地人。 
北大街的酱菜记得是真的老字号",[],[],[],比七宝老街好一点,上海市,bmdz
72,2012年4月7日,40,到古镇的交通很方便，地铁九号线洞泾站转松朱线坐到终点，就是下车自己走几分钟就到了，不需要坐三轮车，我和朋友买的是80块的套票，差不多8个景点吧，包括坐船，挺合算的，而且还赠张地图，工作人员还会在地图上画好路线，听说在网上提前买票更便宜，但我觉得已经很值了。让我觉得哭笑不得的是，在北大街上挨着放生桥有个餐馆，进门上写的经济实惠，结果我们两个人点3个菜，差不多五六十块钱吧，老板居然说点的太少不给做，太势力了，结果我们去隔壁的饭馆。除了这个小插曲之外我们玩的很好，我特喜欢棵植园，人少，是个春天踏青的好地方。,[],[],[],喧闹的古镇,上海市,woaidanmei38
73,2012年2月28日,40,有不逊于乌镇周庄之类声名在外的水乡的美景，但又少了些浮华喧闹，多了些清冷寂寥。这里本地人居多，所以商业氛围和生活气息参半。外来的观光客不算多，不会出现摩肩擦踵的现象，总的来说值得一去,[],[],[],上海的温柔水乡,上海,ceciliazs
74,2012年2月23日,40,离上海近 在八万人体育馆的旅游集散中心有大巴可搭乘 当天来回 很方便玩起来不累 适合双休日去走走 那里的一些小店还蛮有意思的,[],[],[],离上海市区很近的景点,上海市,flowertw
75,2012年1月30日,50,北大街，放生桥。。。觉得城市太喧嚣，可以来这里走一走。不过近几年这里的人也越来越多，如果是工作日来的话或许还能体验到那份宁静。,[],[],[],江南古镇，可以一个人来,上海,大白次
76,2011年9月14日,40,我从小生活在古镇，朱家角是一个如此古色古香，充满历史的气息雅地。此处吸进了大批的文人骚客亦或是外国友人，充满了古朴的感觉。,[],[],[],水乡古镇,上海市,蓝真萱
77,2011年9月7日,30,因为住的里朱家角比较近的缘故，所以去过很多次了，古镇整体不太，北大街是一条比较有特色的街，放生桥，城隍庙!晚上的时候人比较少尤其有古镇那种幽静的味道,[],[],[],幽静的古镇,上海市,越南大兵
78,2011年8月25日,30,今年开春到时候去的，人太多太多，便失去了周末郊游的意义，环境也是一般吧，吃的东西倒是很多，还有小商品，可以杀价，但是质量都不咋地。,[],[],[],现在人好多,上海市,mavisjin
79,2011年8月24日,40,我们一下车就被一小三轮给忽悠了，说是走路要走半小时，看着满头烈日，从了他的十块钱。结果发现从车站到放生桥真是近得让人惭愧。呆了两天，印象深刻的有法国之吻餐厅，是个来了中国四年的法国佬开的，挺善聊，不过15块两只薄煎蛋饼还真是不善，青椒番茄PIZZA倒是地道，我们一致决定以后要到法国去卖煎饼果子把票子挣回来。离法国人的餐厅不远有家挺有格调的小客栈，房子够老，装饰神马的非常小资，不过疙瘩小的房要240，弃了。后来落脚在古镇口的小旅店，120的大床房，很新很干净。逛累了就回房看韩剧，休息1个小时继续，相当悠哉和从容。小镇巷子里各种的买卖吆喝，和其他江南古镇很类似，猪脚扎肉粽子芡实糕，大麦茶酱菜等等等等。哦，我们还看了谭盾的《水乐堂·天顶上的一滴水》。相当坑娘，不太喜欢，看在伸入河面的舞台和那几个打灯和尚的份上，给个60及格分。也不能怪，是镇政府为了招揽游客邀的谭先生。创作太自恋太随意，硬生生的把些跟朱家角有关的关键词扯进一场节目里，没有转呈，显得支离破碎，让人无法全情投入，倒是自顾自的联想翩翩，笑场了几次，也不失被娱乐到了。以后没地儿逛了也许会重走吧，总体还是很快乐的，重要的是和闺蜜有了这次...,[],[],[],朱家角，到处都是猪脚,湖北省武汉市,艾大金子
80,2011年8月11日,50,"全家人都很喜欢朱家角，是哪怕到了周末下午心血来潮就能一踩油门去的古镇。而且这个地方尤其适合下雨的傍晚，很有江南水乡味道！
如果你不想要进一些室内景点，也就不用买票了，只要在古镇街上走走，吃吃东西，放个空就很舒服！课植园还是值得一去的，尤其是里面有实景昆曲上演的时候！我就在里面看的《牡丹亭》，非常有意境！
吃饭的话找个临河的座位，点一些虾呀螺丝啊什么的最有味道！",[],[],[],保留得比较完好的江南古镇,,Jolin
81,2011年8月7日,30,失去了江南小桥流水的感觉，加注了太多的商业气息，叫卖声声不断，原本的一日游，2个小时就搞定了，离想象的远了很多。一般般,[],[],[],朱家角,上海市,siggor
82,2011年7月13日,40,暑假朱家角一日游，交通不是特别方便，从市区到朱家角两个小时左右，古镇风貌有较好的保留，但到中午人流量较大，小巷较为拥挤，中午最好找间茶楼小憩，下午继续游玩,[],[],[],朱家角一游,上海市,hellozyn
83,2011年7月13日,40,去松江办事顺路去了朱家角，古镇上肘子很多，到处都是，热气腾腾的香气扑鼻，忍不住买了两个回来，感觉味道真不错，整个风格与其他古镇风格相似。,[],[],[],朱家角古镇,北京市,luchunyu
84,2011年7月9日,50,"朱家角是上海比较有名的古镇。虽然游客很多，但值得一看。门票分三种，30元，40元和60元。我买的是30元的，一共四个景点，大清邮局、课植园、人文艺术馆和童天和药号。推荐人文艺术馆。
另外，古镇旁边的大淀湖风景很棒，不要错过。",[],[],[],古镇风情,加利福尼亚圣卡洛斯,夏郦
85,2017年1月13日,50,这里算是非常方便到达的近郊，从市区大约1小时车程，来到这里逛逛老街和大清邮局，找一家咖啡厅喝杯咖啡看着河景，非常棒,"['images\\0e_25_97_05_photo2jpg.jpg', 'images\\0e_25_97_06_photo3jpg.jpg', 'images\\0e_25_97_08_photo5jpg.jpg', 'images\\0e_25_97_03_photo0jpg.jpg']","['https://ccm.ddcdn.com/ext/photo-l/0e/25/97/05/photo2jpg.jpg', 'https://ccm.ddcdn.com/ext/photo-l/0e/25/97/06/photo3jpg.jpg', 'https://ccm.ddcdn.com/ext/photo-l/0e/25/97/08/photo5jpg.jpg', 'https://ccm.ddcdn.com/ext/photo-l/0e/25/97/03/photo0jpg.jpg']","[{'url': 'https://ccm.ddcdn.com/ext/photo-l/0e/25/97/05/photo2jpg.jpg', 'path': '0e_25_97_05_photo2jpg.jpg', 'checksum': '7d2f185c7099f0e71875947bb46f8885'}, {'url': 'https://ccm.ddcdn.com/ext/photo-l/0e/25/97/06/photo3jpg.jpg', 'path': '0e_25_97_06_photo3jpg.jpg', 'checksum': 'cdf90fc2206830a1a470cda20ded5a25'}, {'url': 'https://ccm.ddcdn.com/ext/photo-l/0e/25/97/08/photo5jpg.jpg', 'path': '0e_25_97_08_photo5jpg.jpg', 'checksum': '868e4269726709474a663a970eeeeee4'}, {'url': 'https://ccm.ddcdn.com/ext/photo-l/0e/25/97/03/photo0jpg.jpg', 'path': '0e_25_97_03_photo0jpg.jpg', 'checksum': '6503636ce93580f9cb002f55b4efa28c'}]",非常棒的水乡,,Culture808030
86,2011年6月21日,40,在青浦区  虽然比不上周庄和西塘 但是也很有味道 那里的放生池很有名  而且进去不用门票哦 吃的方面 有著名的臭豆腐 还有扎肉 蹄髈 小吃挺多的,[],[],[],最近的江南水乡,上海市,seashine1012
87,2011年6月21日,50,朱家角是个水乡古镇，喜欢怀旧，逛逛的朋友可以去，里面有许多，平时看不到吃不到的东西，很适合带老人什么的去玩，很有感觉的，那边还有家做传统豆腐脑的摊子，很不错，可以去试试,[],[],[],古镇,上海市,傻嘉yi子
88,2011年6月20日,40,古文化气息很浓郁的一个地方，记得自己放的小鱼，还有平安桥，寓意都很好。。有机会还回去的，到处都是水，坐着小船很惬意。。,[],[],[],古文化气息很浓郁,天津市,yay8546
89,2011年6月14日,30,去的最多的便是朱家角，因为离上海近，又是古镇，尤其记得那边最特色的便是扎蹄和粽子，现在都机械化包装了，可以将买的全部用机器进行真空包装，就跟店里卖的差不多了，可味道还是老味道，因为仍然是手工包的，浓油赤酱，煞是美味~~还有那边的酱园也算一个景点的，你还能在那儿买点酱菜带回去，味道也很不错的~,[],[],[],朱家角，又见朱家角,上海市,zbhsh
90,2011年6月14日,40,离上海市区不远的朱家角古镇是个悠然自得的好地方！她不像其它的古镇人工开发痕迹很浓觉得闹轰轰的，而且商业气息太重。朱家角的古镇味很浓，她还是注重原汁原味的，尤其是工作日去的话那是惬意的不得了啊！是都市人释放压力回归自然的好去处！,[],[],[],让人身心放松的地方,上海市,乖乖jemily
91,2011年6月11日,50,春光明媚，携友同游，小桥流水，江南古镇，曲径通幽，安静祥和，油纸伞下，惊艳容颜，景美人美，无酒已醉，但愿常驻，了此一生，无奈离去，不舍不舍,[],[],[],春天里的江南小镇,上海市,uuhaiyang
92,2011年6月11日,50,以前只听说过周庄、乌镇等古镇子，来到上海没想到在上海与江苏省只有太湖之隔还有一个古色古香的朱家角。朱家角的石桥、美味的肉粽都给我留下了极深的印象！,[],[],[],太湖边上的美丽小镇,宁夏回族自治区银川市,xwj216
93,2011年6月11日,50,"进入古镇可以感受到历史的气息，在上海这个国际大都市感受别样的古镇情怀，
泛舟、吃肉粽，吃粘糖，还可以在小河边放生，别有一番情调",[],[],[],在上海这个国际大都市感受别样的古镇情怀！,北京市,宗若雪
94,2011年6月10日,50,"上上周末在上海，和朋友想着去哪儿一日游；由于已经去过周庄，所以选择了离上海较近的朱家角。于是，开始了我的朱家角之行。
    从徐家汇坐大巴到朱家角，大约四十分钟。
    朱家角给我的印象之一，热腾腾的荷叶扎肉和n个婆婆的粽子。
    印象二，相比其他水乡，朱家角的游客并不是很多，于是，有了悠闲的感觉。
    印象三，坐在临河的小店吃个白丝鱼或是喝杯咖啡，都是很惬意的事情。
    印象四，小巷中有很多小店，非常有特色。
    总之，就是比较赞啦～～",[],[],[],远离喧嚣,江苏省南京市,chenkaikiki
95,2011年6月2日,40,和同学一起玩的，保留的原来的古镇特色，满条小巷都是卖粽子的哦，一天玩下来也蛮累的了，节假日去的话都是人！！！买的是联票，还是有点玩头的，如果不买联票就是看看可能就挺无趣的了,[],[],[],古色古香,上海市,minami877
96,2011年6月1日,30,白天去的时候人挺多的 有很多风情小店 特色小吃粽子和扎肉挺不错的 走在小巷里 香味扑鼻 忍不住尝了几个 不过很快就饱了 傍晚的小镇游客散去 挺静的 很喜欢坐在河边吃饭的感觉...,[],[],[],古镇一日游,上海市,memory90
97,2011年5月31日,40,第一次去朱家角是公司组织的一日游活动，早上在大观园拍囧照，下午在朱家角“古镇寻宝”，走进大门就感受到古色古香的气息，我们的古镇寻宝就在这里展开了，事先有工作人员拍下了朱家角的13件宝物，然后我们就带着自己的相机出发咯，整个过程体验的是游戏，如果你们要组团一起去，这个很好玩，哈哈：）,[],[],[],偷得浮日一日闲,上海,文筱静
98,2011年5月28日,50,"越是古老的东西越有含义和味道,是我第一次去过的古镇，非常不错，建议去看看，有你意想不到的收获，我想下一次有机会我还会去",[],[],[],喜欢古老的风格,广东省深圳市,ellen923
99,2011年5月27日,40,夏天快结束的时候去的，也是典型的水乡，感觉不错！如果可以建一些当地民居特色的住宿，比如有雕花大木床的那种，会更好！,[],[],[],水乡风,上海市,koalalee
100,2011年5月25日,50,位于青浦区，可以说离上海市区最近的江南古镇了，从人民广场有大巴直达，交通非常方便。新近成了上海周边艺术家的新的聚集之地，加上祝晓峰设计的朱家角艺术馆的建成，使朱家角的人文气质更加浓郁了。,[],[],[],近郊古镇,上海市,shadowhailin
101,2011年5月25日,40,"虽说人很多，实在是太多了，但沿着河边还挺有味道的
吃了顿河鲜，确实很新鲜啊~~
买了好多好多东西，看来虽说在北京长大，但毕竟不负上海的血统
邮局值得去，蛮有意思",[],[],[],很有味道的小镇,北京市,hancathy
102,2011年5月22日,40,江南古镇的经典特色，小桥流水，白墙青瓦，置身其中，让你忘却了夏日的炎热，清爽自然，撑着小伞，徜徉在悠长而又曲折的青石路上，时间在此停止，平静得脑袋一片空白，但余嘴角的浅笑,[],[],[],江南古镇,福建省福州市,香草糖
103,2011年5月20日,50,交通较便利，在市区有车能够直接到达。可以不用跟团，自由行最好能早点去，太迟的话就会人很多，无法真正体会那里独特的风土人情。,[],[],[],上海朱家角,广东省汕头市,lyhlucky4ever
104,2011年5月20日,40,买的是套票，从旅游集散中心出发的。。因为是周末，所以人很多。不过环境还蛮好的，也蛮热闹，一些房子什么的看看也很有意思。就是吃的没什么意思，一大堆卖粽子的，卖扎肉的。。。没什么特色的好吃的。等到准备回去了，才发现买套票是多么合算。。不用跟一大堆人去挤公交车，那追赶公交车的场面实在是太惊心动魄了。。。,[],[],[],朱家角一日游,上海市,guxiaopan
105,2011年5月19日,30,现在朱家角比我三年前去有了很多的变化，除了小桥流水，楼宇庭阁，还有许多的创意店面等等，各种小吃的价格还是比较的公道的，还是值得一看的，值得一吃的。,[],[],[],水乡文化,上海市,likingfun
106,2011年5月17日,40,商业化的运作依然不改其古色古香，走在星光下的临河街道上，如此纯朴娴静，意境非凡。俊哥靓女们可以考虑褪去物质的诱惑，体验一下单纯、宁静的浪漫。,[],[],[],纯朴、娴静,上海市,yangjc
107,2011年5月14日,50,"和爸爸一起去玩的一日游~
都市繁忙的生活中偶尔去那里走走也是不错的选择啊~
吃了小时候的劲糖~太甜了~
还买了气球~过了把孩子瘾~",[],[],[],小小的古镇,上海市,vanibaby
108,2011年5月13日,40,朱家角古镇是免门票的，所以费用是蛮省的。进门先看到的是放生桥，一座颇具特色的石拱桥，许多游人在此处放生乌龟等。到桥面上一定要拍张照留恋一下，这个地方拍出来的照片能够看到桥下的水，还有两边颇具水乡特色的建筑。下了桥就是一排沿街店铺，卖各色小吃和特产，什么扎肉啊、粽子啊随处可见。这些就不说了，朱家角还有一个我每次必去的地方，清朝邮局，是清朝的哦，在邮筒边再拍个照吧，邮筒很有特色的哦~,[],[],[],颇具江南古镇特色的地方,江西省南昌市,xuyingzwr
109,2011年5月13日,40,朱家角，顾名思义，真的就是一个角落。喧嚣与寂静，沉默与欢腾，不过一线之间。来与去，聚与散，它还静静的在那里，冷眼视世人。,[],[],[],隐匿在繁华都市的寂静,,海贝HAPPY
110,2011年5月10日,40,我是北方人，所以对于南方的小桥流水还是第一次身临其境，所以朱家角给我的印象很深刻，而且我很喜欢他们那里的一下古色的小店，尤其是有点那种民族风的，但是，也许上海并不是典型的江南水乡的形象，所以朱家角并不会像乌江那样吧，因为它缺少一种真实的民风，对，就是那些当地的元素，但是对于上海而言，这已经不错了，因为它把现代于古风结合的挺不错的。,[],[],[],上海朱家角古镇,辽宁省大连市,莫羽落
111,2017年1月4日,50,虽名为古镇，首次到访却觉得到处都是叫卖与餐饮小舖，真正关系到文化景致的景点倒是没甚么。来此一游，反而与当地商铺的民众与服务员们聊天聊地还能得到更多关于这古镇的历史与改建的过程。搭船游运河，不错的设计，用手摇橹的船只更胜过那些搭载马达载运的电动船只。游客人数的控管也许是这景点必须加强的重点。离巴士站不是很远，也有接驳的小车替年迈长者或残障者服务，这是贴心的地方。整体景致不要太在意匠气，仍是值得来游玩的一个景点。至少运动运动也是不错的。,"['images\\0e_0f_61_0b_caption.jpg', 'images\\0e_0f_60_69_caption.jpg', 'images\\0e_0f_61_55_caption.jpg', 'images\\0e_0f_61_2f_caption.jpg']","['https://ccm.ddcdn.com/ext/photo-f/0e/0f/61/0b/caption.jpg', 'https://ccm.ddcdn.com/ext/photo-f/0e/0f/60/69/caption.jpg', 'https://ccm.ddcdn.com/ext/photo-f/0e/0f/61/55/caption.jpg', 'https://ccm.ddcdn.com/ext/photo-f/0e/0f/61/2f/caption.jpg']","[{'url': 'https://ccm.ddcdn.com/ext/photo-f/0e/0f/61/0b/caption.jpg', 'path': '0e_0f_61_0b_caption.jpg', 'checksum': 'e8a118f904f31684af8fe0ccd5542b53'}, {'url': 'https://ccm.ddcdn.com/ext/photo-f/0e/0f/60/69/caption.jpg', 'path': '0e_0f_60_69_caption.jpg', 'checksum': '239d0a9d5a7aa39dab2b2a6376b67fad'}, {'url': 'https://ccm.ddcdn.com/ext/photo-f/0e/0f/61/55/caption.jpg', 'path': '0e_0f_61_55_caption.jpg', 'checksum': 'c22c382197f4b32e9400c392d49f9798'}, {'url': 'https://ccm.ddcdn.com/ext/photo-f/0e/0f/61/2f/caption.jpg', 'path': '0e_0f_61_2f_caption.jpg', 'checksum': 'e59ebac590152e1a797889e212e546ae'}]",充满商业气息的古镇 真正文化景点缺乏,桃园市,Robert_jann99
112,2016年12月9日,40,"探访时间为2016年12月初去的，天气晴温度约20-16度左右，气候宜人
平日少了观光客许多，所以有些店家并未营业，大约店家也有70%左右
整个逛起来很舒服，值得一访。",['images\\0d_d4_ff_2b_caption.jpg'],['https://ccm.ddcdn.com/ext/photo-l/0d/d4/ff/2b/caption.jpg'],"[{'url': 'https://ccm.ddcdn.com/ext/photo-l/0d/d4/ff/2b/caption.jpg', 'path': '0d_d4_ff_2b_caption.jpg', 'checksum': 'd7e19aec8fefc274e939a2ffb6a63860'}]",是个满美的古镇 还较无商业化的感觉,,HSINYUC29
113,2011年5月7日,50,很美的地方，有水，有桥，还有经典的小吃。很有江南的水乡风韵。自己去过一次觉得不错，前几天又带朋友去了，朋友评价也蛮好的。不过现在比两年前人多了哦 ！有点挤啊！对啊，街上几家店装修的蛮好，也很有心意的，有卖布衣的，喜欢的去淘淘说不定会淘到自己很喜欢的哦！,[],[],[],悠悠水乡情,上海,卜文杰
114,2011年5月5日,40,三月份去的，周末，人超多，不过风景还不错哦，很喜欢那里的粽子和那个粽叶包的那个五花肉，肥而不腻，很可口，下次还去吃这个~~,[],[],[],江南水乡，人多哇,上海,ouono
115,2011年5月5日,30,第一次到上海，选择到朱家角逛逛，小镇不大，但是很有江南小镇的感觉，只是沿街全是店铺，如果能保持古时的特点会更好。,[],[],[],很有江南小镇的感觉,广西壮族自治区柳州市,suhua53
116,2011年5月5日,50,很经典的江南古镇，小桥流水，清新自然，各种特色店铺，热情的店家，还有很多美味。。。粽子，螺丝，田鸡，豆干，特色桔糕糖。。。都很好吃,[],[],[],朱家角自主一日游,上海市,桑陌青春
117,2011年5月5日,50,去的时候正好赶上下雨，体验了江南小镇的美好感觉！看到了葛老太太的粽子，可惜人太多，没有去买，不过看着很好吃的样子。,[],[],[],江南小镇,8030896,goodluck403
118,2011年5月4日,30,"公司组织去游玩的。
上午十点半到的，感觉商业味道太重了，哪里都是肉粽，猪蹄，扎肉。
所有的建筑都挨着河，一条北大街走下来，全部是商户，挺失望的。
就建筑还有点古镇的气息。一个小时逛完了，买了点粽子，味道还可以。",[],[],[],古镇,上海市,wuyuxue0312
119,2011年5月4日,20,镇很小，街道很窄，两旁店铺间距不超过2米，而且那条小河真的很小，居然还有人座船游，我在岸上看他们的赶脚就像是在浴缸里游泳——只能扑腾，我站在朱家角的桥上看，就跟苏州虎丘看出去的苏州街景没差。而且还没有那么开阔。,[],[],[],完全不“威尼斯”,上海市,takining
120,2011年5月4日,30,"每次友人过来，想体验中国古镇风情时， 都会带他们去朱家角。第一，离上海市中心比较近，第二，交通方便。
在上海体育馆的旅游集散中心买套票后可以直接前往，往返接送，包括门票。
景点里面风景还不错，可以乘船，享受农家菜，当地小吃，小手工制品。不过去多了，发现古镇都差不多，没有什么特别突出点。",[],[],[],朱家角一日游,上海,木木水OO
121,2011年4月28日,40,古镇的特色都包含了，扎肉臭豆腐都好好吃～美中不足就是面积太小了，所以在古镇里面住宿的话选择也不是很多，一日游即可,[],[],[],朱家角,上海市,Vanessahwood
122,2011年4月26日,50,"来了上海快8年了 吧 
才去朱家角  因为朋友搬过去住了 
以为 只是像乌镇一样的 很商业化的地方
去了 才发现  真的感觉很不一样 到了下午四点多 很多商铺就关门了 
到了晚上 看的商铺就很少了  个别酒吧还营业 小镇非常的宁静  狗吠  坐在小河边 看着天上的月亮 真的很舒服  这是第一次 在上海 有着  这才是我向往的生活的感觉  真的 脚踏实地的感觉   大爱这个地方",[],[],[],留梦朱家角,上海市,妖怪在北极钓鱼
123,2011年4月19日,40,"那天在青浦赵屯摘完草莓时间还早，就开去不远的朱家角晃了一圈。感觉这个古镇现在也变得特别商业化了，进去好些个酒吧，还有好些个卖中国特色工艺品的小店铺，感觉都是在招揽外国人生意。
朱家角里面有很多美味的小吃，很多都是以前没有见过更没有尝试过的，品尝下来感觉很欣喜，那边买的每样小吃都很美味呢，下次还去吃。",[],[],[],具有时尚感的古镇风情,上海市,fionalyn
124,2011年4月19日,40,"09年去上海，想转转周边的景点，比如像乌镇。因为只有一天的时间，所以当地的朋友向我们推荐了朱家角，据说和乌镇的感觉差不多。到了那觉得还不错，小桥流水，窄窄的弄堂，临街的小店。坐在邻水的小饭店里，吃着特色小吃，看着小船在身边滑过，那滋味美啊!本人比较好吃，觉得是旅游中Very重要的头等大事。下面自然是给大家推荐几样到朱家角一点要尝的美味。1、炒田螺。价钱不贵，味道鲜美。
2、肉粽子。有专门现包现卖的店，糯米混着肉汁红红亮亮的看着那颜色就很有食欲。吃一口味浓而不腻，一级棒。3、笋丝青豆。前面的两款食物都是不容易携带保鲜的。要想买点特产馈赠亲友那就非豆豆莫属了。既有笋的清香，又有青豆的醇香。推荐推荐
第二年去了乌镇比较了一下，朱家角就像未开发前的乌镇，规模小但商业改造痕迹小一些。",[],[],[],未开发的江南水乡,北京,一株行走的草
125,2011年4月16日,50,吃的东西好多好多，阿婆粽子 扎肉 熏青豆。。。北大街上还有许多的小东西工艺品 小饭店也不错 都是非常有特色的农家菜 总的来说蛮好的地方,[],[],[],小吃街,上海,rabbitDQ
126,2011年4月15日,30,古镇该有的都有，有一条小河，两边都是老房子，河里面有小船在开，河上有很多桥，是可以互通的，有很多土特产，小吃也很多。,[],[],[],古镇特色,上海市,gougoumm123
127,2011年4月15日,40,朱家角“小桥，流水，人家”，古镇建筑很美。36座石桥古风犹存，名胜古迹比比皆是。小吃也多。最爱扎肉，味道厚重，肥而不腻。大赞。也是摄影的好去处。,[],[],[],景美食美,上海市,dark880917
128,2011年4月14日,40,去上海的时候本想去乌镇或是周庄，但是时间有点紧，正好有车就去了朱家角，其实古镇都差不多，南方古镇对觉作为北方人的我来说是很新鲜和喜欢的。总体来说很好，但是可能没有乌镇那么有名和繁荣，不过还是有所感受的。,[],[],[],古镇,辽宁省大连市,默默爱发呆
129,2011年4月14日,50,在繁华的大上海 有这样一处宁静的地方 保持着南方小镇的特色 并且尚未很商业化 景色很漂亮 也很干净 还有美食诱惑 去上海体验现代的同时 去朱家角看看水乡吧。,[],[],[],^^,辽宁省大连市,xiaolu2011
130,2011年4月13日,40,建议是千万不要节假日去，最好找个周中的日子。镇子不大，修缮过一次后比之前更显大气了。放生桥名气很大，但是生意氛围太浓，感觉不太好。沿着河岸走，看看沿途的人家和建筑还是很惬意的。吃饭不算实惠。,[],[],[],上海最好的古镇,上海市,gxzrxq
131,2011年4月13日,40,去年11月和老公一起到这个小镇一日游，给人的感觉非常舒服，很喜欢夜晚的那一分宁静。那里有谭盾的工作室，大师之所以选中了这里，我想可能也是因为小镇的朴素之美吧。镇上的村民热情纯朴。,[],[],[],朱家角古镇很舒服的地方~,北京市,snowner
132,2011年4月11日,30,"朱家角的肉粽很出名，可惜现在人人都自夸上过电视上过报纸，想知道哪家正宗好吃，要么一家家试过来，要么就凭运气随便找家买。
现在的朱家角太过于商业化了，没有了以前的本地气息，而且周末去人实在太多，根本没办法好好的逛。
总结出来，要往深处兜，里面有很多经济实惠的小店，味道比外面的店要好，而且价格便宜很多。
随便兜兜，在不晓得转了多少弯处，发现有一条小街被装修成了现在艺术派，还是不错的。",[],[],[],太过于商业化,上海市,bobosunl
133,2011年4月9日,30,"古镇么无非乌篷船划划，河边走走做做，街市逛逛，桥上看看。

值得一提的是，朱家角古镇有个阿婆包的粽子还是很有名的，长条形的一大个，买了不少，拎的很重，不多调味很赞，咬开超大一块肉，很有满足感。",[],[],[],粽子里面好大一块肉,,apointyuang
134,2011年4月8日,40,"1、朱家角江南水乡值得前去。我当兵那会儿经常去的地方。
2、朱家角的斧头粽子很美味。
3、朱家角玩过后还可以顺道去周庄来个江南水乡游。",[],[],[],怀念朱家角，怀念青浦，怀念我青浦的军旅生涯,9448103,ylsp8
135,2011年4月7日,50,上海有许多水乡，朱家角是最近的一个，那里不仅古朴而且人文气息很浓烈，和上海繁华大都市差异很大，如果你想享受一下恬静的生活不妨去那里,[],[],[],特色水乡,天津市,chengkang
136,2011年4月7日,40,朱家角位于上海西部，是一个江南古镇，虽然它的名气不如周庄、乌镇、南浔，但其实绝不比它们逊色。它独有的木制廊桥，沿河的茶楼饭店，大清邮局，石桥等都别具特色。而且它的游人不像其他的古镇那么多，还可体会到清幽之美。小镇上的饭店以经营河鲜为主，不算太贵，亦可一尝。,[],[],[],一个别具风情的江南古镇,上海,山阳客
137,2011年4月6日,40,"老公去过几次朱家角，难得有机会带我去了那里游玩，还好不是节假日，游客还不算很多，听说一到假日那里就会人满为患。
和大多数的古镇差不多，只是朱家角感觉更大一些，沿着河边一路兜兜逛逛，景色很美。
吃的东西实在是多，真想一个个品尝过来。晚上在一家小酒店用餐，窗外便是小桥流水，别有一番风味。",[],[],[],美丽的小镇,上海市,Lisa_小胖妞
138,2011年4月2日,40,到普安路做沪朱专线，大概1个多小时到的，我去的那天刚好下着小雨，人不是很多，有一些小吃，地方刚刚好，不会很累，还有很有风情的小店，很适合游玩。,[],[],[],有调调的小镇，适合情侣漫步,上海市,kittymeng123
139,2011年4月1日,40,朱家角2010年没有去成 今年补上 再次出差我直奔上次的遗憾之地-朱家角 可惜的是季节不好 冬天去的 很冷 可是炸肉 粽子 土鸡等一个都没有落下 吃了个够 除了坐船 还有个有意思的地方推荐 就是大清邮局旧址 有中国古代邮政的展览 我们还买了明信片寄回来 很有趣,[],[],[],上海周边最近古镇,北京市,fangfang214
140,2011年4月1日,40,"青砖白墙，江南水乡
这里的河道遍布，人们古时出行主要依靠行船。今天还能到此乘坐人工小船一游，看到所有的江南小镇木结构的建筑。有很多的店铺。是不是稍微多了一点，住宿似乎不怎样啊",[],[],[],青砖白墙，江南水乡,上海市,秋心山子
141,2011年4月1日,40,"去的时候刚入夏，是个舒服的小镇~
空气好又不冷清，有很多民居，各种各样的菜式，也实惠~
玩一整天不错，拍的照片也美美滴，偷笑一个...",[],[],[],热闹的古镇,厦门,sungna
142,2011年3月31日,50,这个古镇像是缩小版的西塘，但是这里的东西也很多，也很好看，而且最关键的是，这里卖的东西又便宜又好看，而且小吃也超级好吃，强烈推荐啊。,[],[],[],朱家角古镇,福建省福州市,夏天的小可
143,2011年3月31日,50,朱家角的人很少，或许是去的时节比较静，让我们彻底体会到了古城的风韵。凡是有水的古城，都显得那么的灵动。小河边精致的盆栽，绿绿的翠柳，让人不得不与“浪漫”相连接,[],[],[],静静的朱家角,湖南省长沙市,瑞欣
144,2011年3月30日,50,有四百年历史的银杏树，有好吃的肉粽，有物美价廉的小商品，还一种据说当地人宁愿去买吃的也不会花时间来欣赏在竹子上刻的字画，我却觉得巨美，买了一大堆回来。在喧嚣的城市中还有这样古老的一片净土，希望我们都能好好爱护。。。,[],[],[],飘满粽子叶味道的江南小镇,黑龙江省哈尔滨市,夏北
145,2011年3月30日,40,"风土人情感受确实很亲切，大自然的房子和桥、船，像是回到没有争论的年代；
肉粽和猪脚特别好吃。味道很特别~~还有一些工艺品很有收藏价值，贴有自己头像的杯子，还有放生庭（鱼儿从你手中放回河里，感觉自己得到了解脱！）",[],[],[],风景和饮食小吃,广西柳州市,韦孟
146,2011年3月29日,40,"上海的朱家角可是保留的一片不错的原始地带啊。
去了好几次啊，很喜欢早上的清净，有伊水的屋子，有特色的小店和小吃。
还有当地菜，真的是去了N次还想去的地方那个啊。",[],[],[],上海朱家角,上海市,itissjh
147,2011年3月28日,40,很多年前在上海生活的时候去过几次。那有很惬意的生活环境，窄窄的巷子，江南水乡，那里的粽子特别的好吃。很喜欢这样的环境。,[],[],[],很美的地方、喜欢这样的水乡,黑龙江省哈尔滨市,77栋栋
148,2011年3月28日,40,朱家角离上海市区不远，是周边最近的古镇了，工作之余放松感觉很不错，亭台楼阁，小桥流水人家~~所有古镇的美景在朱家角尽收眼底，而且还有美味的小吃！！记得上回去在一家创意店玩达芬奇密码一个下午，挺有趣也消磨时间的地方。,[],[],[],上海的后花园,上海市,yuanangela
149,2011年3月26日,50,"很漂亮的小镇 烟雨蒙蒙的  据说就是拍情深深雨蒙蒙的地方 
小镇有一条河缓缓流过 青灰色的砖 小巷里是老人的闲话 和清香的粽子  居住的房子像古时的客栈  木质的",[],[],[],江南的感觉,广东省广州市,aqua628
150,2016年10月27日,40,在上海市内坐了去朱家角的专车，大概半个多小时就到了，节假日人好多啊，拥挤，如果人少点，慢慢逛，一定很惬意，走到流水上方已是下午，本来想坐船被告知不卖票了，没想到刚好有买了票排队的人不等了，直接转给我们了，lucky！,"['images\\0d_7d_c0_f9_caption.jpg', 'images\\0d_7d_c0_f8_caption.jpg']","['https://ccm.ddcdn.com/photo-l/0d/7d/c0/f9/caption.jpg', 'https://ccm.ddcdn.com/photo-l/0d/7d/c0/f8/caption.jpg']","[{'url': 'https://ccm.ddcdn.com/photo-l/0d/7d/c0/f9/caption.jpg', 'path': '0d_7d_c0_f9_caption.jpg', 'checksum': '04491e3285b2c3a9e7d216b5eafbd078'}, {'url': 'https://ccm.ddcdn.com/photo-l/0d/7d/c0/f8/caption.jpg', 'path': '0d_7d_c0_f8_caption.jpg', 'checksum': '86c1bd4a5121c42e3086f2d6c5934a56'}]",隐藏在城市中的古镇,,zhengjieyao
151,2011年3月25日,30,朱家角，上海的小角落，在某个时代被炒作的沸沸扬扬，其实古镇也就这样吧。翻点商业性的新花样，就成了旅游经典，还是江浙其他地方的更古色古香。,[],[],[],上海的新古镇,上海,Vivien_zy
152,2011年3月24日,40,"朱家角的水乡在时尚的上海人心目中还是一块圣地，是放飞心灵的好去处。
另外那边的烧卖特别好吃，好像叫什么马家烧卖，那个皮很薄，很好吃，有一家的小笼也很棒，总体小吃都不错，而且价格比较实惠。",[],[],[],风景优美，品尝美食,上海市,程程妈妈
153,2011年3月24日,40,"吃的东西都不错,风景也很不错，炸肉和粽子特别好吃~一般的小饭店也不贵，挺实惠的，很多买纪念品的小店，不过要还价的。。",[],[],[],很有味道,上海市,汀雨花寒
154,2011年3月24日,40,"去过两次了，每次去都会有新的发现。
尤其喜欢夕阳西下时踱步于小巷间，那种意境很喜欢！
没有去过的还是值得去看看的，小玩意、小吃还是不少的。
天气好起来了，有时间就出去走走吧！",[],[],[],很美的古镇,上海市,xuzhisheng
155,2011年3月24日,40,"规模不小，与其它古镇相比，最有特色的是放生桥与相对而言比较宽阔的河流。
王昶故居、课植园、稻米乡情馆等几个地方还不错，可以看看。",[],[],[],很像样的古镇,上海市,翟雅各
156,2011年3月24日,50,朱家角真的不错，其他古镇也太商业了。朱家角除了热闹的北大街还有其他地方可以去看看，很多小街道，人很少，很有感觉。,[],[],[],江南古镇朱家角,上海,zhuweijun
157,2011年3月24日,40,走过很多古镇，这里是最宁静的，也是最小的。也许是冬季的缘故，人很少，许多店铺都关了门，让我联想到旺季时候的景象，一点儿都不期待，因为店铺的老板也许几乎都已经不是古镇的人了，充斥了浓厚的商业气息。,[],[],[],淡季值得逛逛,辽宁省沈阳市,长川的晴天娃娃
158,2011年3月23日,40,"小小的古镇，清新的空气，安静的感动，远离城市的喧嚣~
好吃的砧肉~粽子~还有糖果~值得一去~
小路没有车辆~~漫步其中~~很轻松~很惬意~~~",[],[],[],朱家角一游,上海市,shuguang520
159,2011年3月21日,40,小桥流水、摇橹炊烟、琳琅商品、诱人美食，还有淀山湖的浩淼和广垠，之前的印象是这样，总归是从电视影视剧上了解到的，但是和自己亲自感受一样，是在都市生活的上班一族，周末和假期放松心境的首选景点。,[],[],[],江南古典小镇很给力！,上海市,西错
160,2011年3月21日,40,"朱家角是江南古镇之一，素有鱼米之乡之称。
一桥乃放生桥，是保存完好的石桥之一
一河么就是淀山湖口最主要支流
一街么当然是小吃一条街了，吃的、穿的、有古镇特色的小玩意啦
一院当然是马家花园，但是最主要是它曾是我们朱家角中学校园的一部分呢，厉害吧。很适合情侣、小夫妻、一家三口、老老少少齐家周末一日短途最佳路线。还有来自国外和外地的友人若是来到上海近郊当然也不该错过如此只有特色的江南古镇一游啦。。。",[],[],[],江南古镇之一，一桥、一河、一街、一院,上海,willsonnie
161,2011年3月21日,50,非常有江南古镇的风韵。那青苔瓦楞灰白色调给人的舒服真是无法形容，享受热闹与宁静所地。而特有的扎肉美食不仅仅上过地方台也在中央台漏过脸。味道好极了。肥而不腻。回味无穷。每年清明节左右也是吃青团的好季节哦~~,[],[],[],小桥流水人家,上海市,cancercindy
162,2011年3月21日,40,城隍庙座东朝西，正门前有一对石狮，怀抱绣球，线条柔和。飞檐翘角的戏台前横额刻有“承平雅颂”四字，正殿供奉着城隍老爷与夫人的塑像，两人都慈眉善目，一脸的祥和。,[],[],[],文化悠久,,宝贝小欢儿
163,2011年3月18日,40,很喜欢朱家角古镇，现在从上海市区去交通也比较方便了，古镇也有三轮车，朱家角的美食很多，有粽子，扎肉，臭豆腐，都非常好吃，价格也便宜，每次去都会买一大包粽子回家。,[],[],[],美丽古镇,上海市,yummy1986
164,2011年3月18日,50,"朱家角古镇如同众多江南古镇,风景优美,环境宜人,最关键的是非常清静,特别适合长期居住在喧嚣城市的朋友在周末带上家人或朋友去走一走,如能住一个晚上,那感觉会更好.",[],[],[],朱家角古镇,江苏省苏州市,moon197715
165,2011年3月17日,50,这个古镇唯一不同的就是它还有人居住，到夏天的晚上，看到居民出来再桥上乘凉，很有生活气息的古镇，给人很真实的感觉，真是不想离开呢。,[],[],[],美丽的古镇,云南省昆明市,elainelzx
166,2011年3月14日,40,"上周日又到了朱家角，古镇还是一如往常的热闹。
虽然已经过了午饭的时间，但是沿河的很多饭店门口依旧有拉客的不厌其烦地招呼吃饭。
镇上有很多卖熟食的店，不过总体感觉差不多一个味，喜欢大肉粽，扎肉的味道不怎么样。（纯属个人喜好）",[],[],[],青浦朱家角,上海市,如果大折腾
167,2011年3月14日,50,12月份，第一次来到类此古色古香的小镇，一个人背起行李，走在横街小巷里，每条小巷都各有各的特色，满小巷都有粽子买，还有一些很有情调的茶馆或咖啡馆，去到上海还是很值得去一去，交通挺方便的~~~,[],[],[],大城里的古镇,广东省中山市,maihui11
168,2011年3月14日,50,第一次去那里是因为公事去附近开会，顺道游玩了下，小桥流水人家的感觉非常的好，小河两旁复古式的建筑，都是些小门店，道路是红砖砌成的，小河中还有人摆渡小船，坐在小船上察看周边景色，那是何等的舒服~·,[],[],[],经典,上海,小石头_玫瑰
169,2011年3月12日,50,上海少有的安静的地方，风景特别的好，门票也便宜。其实就是比乌镇，上海周边的江南建筑景观小一些。但是特点都一样。坐公交车去十分方便。去上海不能只去繁华的地方，也要感受一下朱家角的风景。,[],[],[],朱家角,辽宁省沈阳市,大米欧欧
170,2010年12月26日,40,朱家角这个地方去过好几次，因为在上海想去水乡看看的话，这里是最近的了，我自己也去过，也带父母也去过，在人民广场有沪朱专线过去，以前七块钱的车费吧好像，忘了，还挺贵的，不过和整个上海现在的轨道交通价格相比，哎，不说也罢。到朱家角这里，对我来说基本就是两件事情，吃小吃和游水乡。首先说小吃，粽子啊，扎肉啊，枣糕啊，臭豆腐，状元糕啊，吃一会儿就能撑得不行。游水乡呢，完全是免费的，可以在石板桥上拍照，沿着河边漫步，看河边老式水乡房屋，体会水乡风情。总之，朱家角作为一日游的候选地，还是很不错滴。,[],[],[],离上海最近的水乡,北京市,幽幽草
171,2010年12月16日,50,什么是江南古镇，那就是朱家角古镇了。有完整的明清建筑的街道，有好吃的各种粽子和糕点、有香喷喷的扎肉，有美丽动人的传说等等。朱家角古镇集合了美食和游玩的好地方。,[],[],[],朱家角古镇,上海市,冰果
172,2010年12月6日,50,"朱家角是个可爱的古镇,位于上海西面,约1小时车程。到那里最便宜的方式是从人民广场南端坐巴士过去,车费12元人民币。不过如果你不懂中文,这种本地车是很难找的。

在朱家角站下车后,再走10分钟就真正到朱家角了。它有一个游客信息中心,可以在那里买票,一张80元的门票可以参观所有景点,外加短程坐船游览(推荐),不过镇子大部分地方都可以轻松走到。镇里没什么机动车,这点很棒。

虽然这是座古镇,但你能清楚地看出为迎合游客古镇经过了修整,这可能是好事但也可能是不是。街道很干净,景点有中英文标示,大部分店家是餐馆、咖啡馆和礼品店,夹杂着几家画廊和其它旅游点。镇子北面是一个漂亮的花园,个人拙见这是中国最美的花园,比上海豫园更大,更风景如画,也更安宁。

没有人真正在这个镇子生活,所有人都是来这工作,然后下午4:30左右回家。虽然有一些餐馆一直营业到天黑,但到了晚上整个镇子变得非常安静,提示你可以离开了。",[],[],[],"迷人的古老水镇,不过现在商业味很浓",,benbenben
173,2010年11月8日,40,从家里出发到朱家角不过一个多小时的车程，很方便，就是周末那里车很多，停车有点麻烦，到了朱家角里面，狭小的一条小道上布满了各种商店和卖旅游特色产品的，那里的芡实糕，枣泥糕还不错，里面还有些餐厅，临河而建，在那里吃饭也是一种享受。,[],[],[],上海周边旅游景点,,LYDIATONG
174,2010年10月29日,50,去过两次，朱家角比较偏僻，坐2号线转公交去的，课植园最漂亮，比起周庄商业化并不太明显，小桥上人很少，很不错的景色啊~~~,[],[],[],人少景美,上海,cwb8988
175,2010年10月4日,40,"从上体旅客集散中心买的票坐的大巴到的~我承认我是脸上挂着饭盒到朱家角的~听闻朱家角的美味~我的口水都流了一盆了~一进去就买了老婆婆的甜甘~老婆还教我怎么吃~O(∩_∩)O哈哈~这里的扎肉真的很美味~一定要吃~还有东坡肉……都可以真空打包带走~课值园虽然没有大园林的大气~但是却充满了主人的文雅气质~每逢周末还有昆曲表演~放生桥边上很多卖小动物的~让大家来放生~平安桥和廊桥等等~童天和药铺现在还是可以抓药的~逛了大清邮局~清朝信使的服装~后面有水上运信的船~~买了明信片~寄到家里~
逛累了~选了一家临水的小吧坐下~喝了一壶菊花茶解暑~（这里受外国文化和艺术青年影响比较大~很多咖啡馆~艺术小店）我们坐船回来~拼得船~一个人15元~四个人坐到头~",[],[],[],适合休闲的,辽宁省大连市,流浪的女孩
176,2010年9月8日,50,非常有江南小镇的感觉，个人觉得非常适合情侣去。虽然比不上有名的小镇，但是这里还是很不错的，里面有很多小店，买点东西也很好哦，哈哈 可以采购采购,[],[],[],江南小镇,上海市,白雪公猪
177,2010年4月22日,30,"感觉这是一个商业气息极重的跳骚市场。不想大老远地去苏州游玩,这个是离上海附近最好的水乡之一了。
而且真的有很多当地人以古朴的方式住在这里。",[],[],[],值得一看,澳大利亚悉尼,riversandlakes
178,2009年8月13日,30,"我是礼拜五早上10点,在上海体育馆的旅游集散中心上了去朱家角的车。车票是事前买好的。一个半小时之后就到了。这里是运河边上的小城,一路上能看到古色古香的街景。河上还有用作观光的小船,和威尼斯一样。一路上我就去一家据说是日本人开的茶店喝了点花茶。
不过,整个地方都很小,我都没办法玩到傍晚五点,只能坐其他巴士提早回上海市内了。",[],[],[],上海的水乡,日本大阪市,koolyuu
179,2009年8月3日,40,"我是从上海市内坐巴士过去,然后打车回来的。那里有江南的气氛,非常怀旧。沿着河边有很多中餐厅,非常好吃。大家如果去上海附近的话可以去那里看看。",[],[],[],坐船游览,,FrequentFlier803029
180,2009年6月22日,40,"这里有很多商店,讨价还价很有趣,而且还能乘船游览。这里有些旧中国的感觉,不是特别漂亮,不过还是给我留下了很深的印象。",[],[],[],很有意思,,rann12
181,2016年8月15日,40,今年端午跟着Dreamtrips参加上海的行程，第一站就是朱家角，其实朱家角也算是比较商业化了，朱家角给我的感觉像是广州的荔枝湾涌加上新天地的感觉，就随便走了一部分，有一边的巷子挺窄的，人也多，所以就没多逛。,"['images\\0c_4d_a7_fe_caption.jpg', 'images\\0c_4d_a7_ef_caption.jpg', 'images\\0c_4d_a7_ff_caption.jpg', 'images\\0c_4d_a7_e4_60.jpg']","['https://ccm.ddcdn.com/photo-l/0c/4d/a7/fe/caption.jpg', 'https://ccm.ddcdn.com/photo-l/0c/4d/a7/ef/caption.jpg', 'https://ccm.ddcdn.com/photo-l/0c/4d/a7/ff/caption.jpg', 'https://ccm.ddcdn.com/photo-l/0c/4d/a7/e4/60.jpg']","[{'url': 'https://ccm.ddcdn.com/photo-l/0c/4d/a7/fe/caption.jpg', 'path': '0c_4d_a7_fe_caption.jpg', 'checksum': '392decb0fcdbb7ca34750c721740dd6f'}, {'url': 'https://ccm.ddcdn.com/photo-l/0c/4d/a7/ef/caption.jpg', 'path': '0c_4d_a7_ef_caption.jpg', 'checksum': '7de4b577e9a7bd0cfca528c08c9f568d'}, {'url': 'https://ccm.ddcdn.com/photo-l/0c/4d/a7/ff/caption.jpg', 'path': '0c_4d_a7_ff_caption.jpg', 'checksum': 'b6c7e706cdf320390c42ec3778374f31'}, {'url': 'https://ccm.ddcdn.com/photo-l/0c/4d/a7/e4/60.jpg', 'path': '0c_4d_a7_e4_60.jpg', 'checksum': '4d524810c59299ef2a205a9d5c00137c'}]",据说上海以前是以捕鱼为生的，朱家角就是上海的旧貌,广州市,潔瑩玩游全球
182,2016年3月28日,50,我是带客人一起去玩的，天气超好。风景特别漂亮。尤其做游船游览水乡可以体验到真正当地的风情，然后就是当地的小吃，品种丰富。,['images\\0a_d2_09_d2_photo0jpg.jpg'],['https://ccm.ddcdn.com/photo-l/0a/d2/09/d2/photo0jpg.jpg'],"[{'url': 'https://ccm.ddcdn.com/photo-l/0a/d2/09/d2/photo0jpg.jpg', 'path': '0a_d2_09_d2_photo0jpg.jpg', 'checksum': '115b052c76320e55dad598aeff2a15b3'}]",朱家角一日游,上海市,emilyshanghai
183,2016年2月7日,50,搭遊船，想像自己搭的是威尼斯的Gondola，只差搖櫓的船夫沒唱歌。老街的商店有賣吃的穿的用的，絲巾、圍巾，現開的珍珠當場做項鍊、戒指、胸針，一行人殺價殺得不亦樂乎，當然也採購得不亦樂乎!,"['images\\0a_41_63_5e_caption.jpg', 'images\\0a_41_63_61_caption.jpg']","['https://ccm.ddcdn.com/ext/photo-f/0a/41/63/5e/caption.jpg', 'https://ccm.ddcdn.com/ext/photo-f/0a/41/63/61/caption.jpg']","[{'url': 'https://ccm.ddcdn.com/ext/photo-f/0a/41/63/5e/caption.jpg', 'path': '0a_41_63_5e_caption.jpg', 'checksum': '6ed62be78c088cfe60d2e2fef81c6b92'}, {'url': 'https://ccm.ddcdn.com/ext/photo-f/0a/41/63/61/caption.jpg', 'path': '0a_41_63_61_caption.jpg', 'checksum': '1d302efb3feb201f942133c64b9f1daa'}]",小橋流水人家,桃园市,oliviayuyingru
184,2015年12月13日,40,如果行程裡只到上海沒到蘇州，並且在上海有充足的時間，這裡確實是體驗江南水香的好地方。當天去遇到下雨，逛起來不是特別方便，下午三四點之後，店家基本上都休息了，連大清郵局也4點左右就休息，所以建議不要太晚到朱家角。第一次來買RMB80的票，可以全部體驗，順便做個渡船很划算。如果對渡船沒興趣，幾本上就不用買80元的票啦~,"['images\\09_c0_99_1a_caption.jpg', 'images\\09_c0_99_21_caption.jpg', 'images\\09_c0_99_34_caption.jpg', 'images\\09_c0_99_27_caption.jpg']","['https://ccm.ddcdn.com/ext/photo-f/09/c0/99/1a/caption.jpg', 'https://ccm.ddcdn.com/ext/photo-f/09/c0/99/21/caption.jpg', 'https://ccm.ddcdn.com/ext/photo-f/09/c0/99/34/caption.jpg', 'https://ccm.ddcdn.com/ext/photo-f/09/c0/99/27/caption.jpg']","[{'url': 'https://ccm.ddcdn.com/ext/photo-f/09/c0/99/1a/caption.jpg', 'path': '09_c0_99_1a_caption.jpg', 'checksum': 'a49a1463383f9c2259f3c41ada187b4a'}, {'url': 'https://ccm.ddcdn.com/ext/photo-f/09/c0/99/21/caption.jpg', 'path': '09_c0_99_21_caption.jpg', 'checksum': '523b3fb0d22f0fa3c9c74c30d295194a'}, {'url': 'https://ccm.ddcdn.com/ext/photo-f/09/c0/99/34/caption.jpg', 'path': '09_c0_99_34_caption.jpg', 'checksum': 'd73240a9dbae400cb8c8e4ba97c85a9e'}, {'url': 'https://ccm.ddcdn.com/ext/photo-f/09/c0/99/27/caption.jpg', 'path': '09_c0_99_27_caption.jpg', 'checksum': 'c9b2699ec93026f685b1f554b56c073b'}]",江南水鄉,,katynini
185,2015年10月26日,40,古鎮整體來說算是挺大的，也充滿了江南水鄉氣息，雖然賣的商品幾乎都一樣，不過如果只是單純踏青體會一下江南水鄉風情還是挺推薦的。放生橋附近有一片較為現代的建築，有些都市中的餐廳，不過整體氛圍蠻融合的，倒也不會覺得突兀。,"['images\\09_55_03_d0_dsc07468-largejpg.jpg', 'images\\09_55_03_d3_dsc07486-largejpg.jpg', 'images\\09_55_03_cf_dsc07448-largejpg.jpg', 'images\\09_55_03_d2_dsc07481-largejpg.jpg']","['https://ccm.ddcdn.com/ext/photo-f/09/55/03/d0/dsc07468-largejpg.jpg', 'https://ccm.ddcdn.com/ext/photo-f/09/55/03/d3/dsc07486-largejpg.jpg', 'https://ccm.ddcdn.com/ext/photo-f/09/55/03/cf/dsc07448-largejpg.jpg', 'https://ccm.ddcdn.com/ext/photo-f/09/55/03/d2/dsc07481-largejpg.jpg']","[{'url': 'https://ccm.ddcdn.com/ext/photo-f/09/55/03/d0/dsc07468-largejpg.jpg', 'path': '09_55_03_d0_dsc07468-largejpg.jpg', 'checksum': 'dcacd61ef000cab24dcbb12da03d391b'}, {'url': 'https://ccm.ddcdn.com/ext/photo-f/09/55/03/d3/dsc07486-largejpg.jpg', 'path': '09_55_03_d3_dsc07486-largejpg.jpg', 'checksum': '02f9f1c0613d5a2c3a3268866e9ca8c5'}, {'url': 'https://ccm.ddcdn.com/ext/photo-f/09/55/03/cf/dsc07448-largejpg.jpg', 'path': '09_55_03_cf_dsc07448-largejpg.jpg', 'checksum': '648a706ef202e7f315b048ae8667e0bf'}, {'url': 'https://ccm.ddcdn.com/ext/photo-f/09/55/03/d2/dsc07481-largejpg.jpg', 'path': '09_55_03_d2_dsc07481-largejpg.jpg', 'checksum': '83e773afcd9930e18be1c408fdcf3a60'}]",小橋流水人家,,Freedom809136
186,2015年9月15日,40,和很多古镇相比，最大的优点就是不收门票，其实这种古镇在江浙沪地带还是很多的，朱家角算是比较大的一个古镇了，不过现在这种古镇很多改成了商铺，说卖的商品却大同小异，卖粽子的也全叫什么阿婆肉粽，古镇风景还是可以的，吃饭比较贵，另外有个什么菩萨展览的切记不要进，黑店,['images\\08_f0_ed_84_caption.jpg'],['https://ccm.ddcdn.com/photo-l/08/f0/ed/84/caption.jpg'],"[{'url': 'https://ccm.ddcdn.com/photo-l/08/f0/ed/84/caption.jpg', 'path': '08_f0_ed_84_caption.jpg', 'checksum': 'b2a4c213ba598d486a475bbe7d4d3c5e'}]",免费的景点,上海市,snake1221
187,2015年8月30日,40,"因为家在附近，所以经常去朱家角古镇，
现在规划的越来越好，人气也很高。
周末停车都很难。阿婆粽子很好吃，大肉粽超级满足。哈哈
有些年轻人开的店很有味道，经常走走串串。","['images\\08_c9_91_9a_caption.jpg', 'images\\08_c9_91_9b_caption.jpg', 'images\\08_c9_91_9d_caption.jpg', 'images\\08_c9_91_9c_caption.jpg']","['https://ccm.ddcdn.com/photo-l/08/c9/91/9a/caption.jpg', 'https://ccm.ddcdn.com/photo-l/08/c9/91/9b/caption.jpg', 'https://ccm.ddcdn.com/photo-l/08/c9/91/9d/caption.jpg', 'https://ccm.ddcdn.com/photo-l/08/c9/91/9c/caption.jpg']","[{'url': 'https://ccm.ddcdn.com/photo-l/08/c9/91/9a/caption.jpg', 'path': '08_c9_91_9a_caption.jpg', 'checksum': '3917581bf3ecbb1548f1ca3e78c357fe'}, {'url': 'https://ccm.ddcdn.com/photo-l/08/c9/91/9b/caption.jpg', 'path': '08_c9_91_9b_caption.jpg', 'checksum': '7510d2817c608a716c678c115538bf3e'}, {'url': 'https://ccm.ddcdn.com/photo-l/08/c9/91/9d/caption.jpg', 'path': '08_c9_91_9d_caption.jpg', 'checksum': 'a41d163ece047500e8de47b03ecd1981'}, {'url': 'https://ccm.ddcdn.com/photo-l/08/c9/91/9c/caption.jpg', 'path': '08_c9_91_9c_caption.jpg', 'checksum': 'bd3f8ca5247cc9e9e4c7d95e076c5b65'}]",江南水乡朱家角，上海最美的古镇。,上海地区,老丝瓜
188,2015年8月30日,50,"规模不大，但足够在那里消磨一天的时光；强烈建议每一个角落都不要错过！
从放生桥搭船短程可选择网课植园或城隍庙，长程则是全区。课植园那边水道两旁的景色和城隍庙那边迥异，都值得一探究竟。
课植园下船，那边有艺术中心，河畔多已经是餐厅和少数小吃和艺品商家。城隍庙那边多卖的是当地特产品还有茶楼也有餐厅。
城隍庙朝下船，放生桥反方向走去，有大清邮局等古蹟，还有别具风味的咖啡馆沿着小水道边一家接着一家，如果你愿意也有提供住宿的客栈（我没有住过就是了）
总的来说，不虚此行","['images\\08_cb_18_b5_photo3jpg.jpg', 'images\\08_cb_18_b3_photo1jpg.jpg', 'images\\08_cb_18_b9_photo7jpg.jpg', 'images\\08_cb_18_b4_photo2jpg.jpg']","['https://ccm.ddcdn.com/ext/photo-l/08/cb/18/b5/photo3jpg.jpg', 'https://ccm.ddcdn.com/ext/photo-l/08/cb/18/b3/photo1jpg.jpg', 'https://ccm.ddcdn.com/ext/photo-l/08/cb/18/b9/photo7jpg.jpg', 'https://ccm.ddcdn.com/ext/photo-l/08/cb/18/b4/photo2jpg.jpg']","[{'url': 'https://ccm.ddcdn.com/ext/photo-l/08/cb/18/b5/photo3jpg.jpg', 'path': '08_cb_18_b5_photo3jpg.jpg', 'checksum': '96495db345cbdabeca830ba32e11be75'}, {'url': 'https://ccm.ddcdn.com/ext/photo-l/08/cb/18/b3/photo1jpg.jpg', 'path': '08_cb_18_b3_photo1jpg.jpg', 'checksum': 'f582e719506d4d9b050014698526606d'}, {'url': 'https://ccm.ddcdn.com/ext/photo-l/08/cb/18/b9/photo7jpg.jpg', 'path': '08_cb_18_b9_photo7jpg.jpg', 'checksum': 'a5b112c28f692932c5327a8cf5fd4531'}, {'url': 'https://ccm.ddcdn.com/ext/photo-l/08/cb/18/b4/photo2jpg.jpg', 'path': '08_cb_18_b4_photo2jpg.jpg', 'checksum': 'd90aeba73e72d6c37f1781d496a34de5'}]",值得一访的江南水乡古镇,,637kikil
189,2015年6月27日,40,离上海约1小时车程，好像有公交车到，我们租车前往，环境还算干净，除非要乘船或进入某些特定景点，不然不需要门票，卖的东西都差不多，里面景色很古色古香，怎么拍照都好看，有不少餐厅，茶馆，咖啡厅在里面，走走逛逛很棒！,"['images\\08_32_d7_8d_photo0jpg.jpg', 'images\\08_32_d7_8e_photo1jpg.jpg']","['https://ccm.ddcdn.com/ext/photo-l/08/32/d7/8d/photo0jpg.jpg', 'https://ccm.ddcdn.com/ext/photo-l/08/32/d7/8e/photo1jpg.jpg']","[{'url': 'https://ccm.ddcdn.com/ext/photo-l/08/32/d7/8d/photo0jpg.jpg', 'path': '08_32_d7_8d_photo0jpg.jpg', 'checksum': '5d966d31f1fb08c00ae3303d8243994e'}, {'url': 'https://ccm.ddcdn.com/ext/photo-l/08/32/d7/8e/photo1jpg.jpg', 'path': '08_32_d7_8e_photo1jpg.jpg', 'checksum': '712ced5844e64d7ae8134a600a4b47a6'}]",有特色的古鎭,,chyoyo
190,2014年6月20日,50,"这一次的华东旅游，其中一个令我印象最深刻的地方，就是《朱家角》。就在我们游毕苏州之后，在前往上海的途中，于上海的市郊停下来，参观这一个细小的《朱家角水乡》。

《朱家角》，可能是由于当日下雨的关系，感觉非常之宁静。少了一分的热闹，反而增添了几分的古意。

宁静的河边小街，充满了商店，以及一些有特色的民宿客栈，当然也有一些古物玩店。这儿，感觉就是一条以商业为主的古街道，但这一分的宁静，这一种市郊小镇风情，的确是少有的。

基本上，这《朱家角》依然是当地人的一个生活小区，游来游去的游客船只不多，反而我们看见到真正在干活的小船。我们一进入古镇的大门后，就看见这一艘卖鱼的小船。

客船不是没有的，只不过是比较少人去乘搭。因为感觉上，《朱家角》不太需要落船游览，在堤岸边的两旁，看看船，看看商店，已经能够感受到她的气息。不过，坐在船中，确实是有另一番的风味，坐在荙船上，感觉多添了几分的古意。

水道是宁静的，而且亦因为是下雨天，整个小水乡的感觉顿然多了几分的诗意。可是近来少打油诗，香港的生活节奏急速亦渐渐地埋没了我自身的诗惰画意，So Sad!!!

不设堤，可与水作近距离的接触，这也是《朱家角》...","['images\\06_0c_fd_48_caption.jpg', 'images\\06_0c_fd_88_caption.jpg', 'images\\06_0c_fd_37_caption.jpg', 'images\\06_0c_fd_59_caption.jpg']","['https://ccm.ddcdn.com/ext/photo-l/06/0c/fd/48/caption.jpg', 'https://ccm.ddcdn.com/ext/photo-l/06/0c/fd/88/caption.jpg', 'https://ccm.ddcdn.com/ext/photo-l/06/0c/fd/37/caption.jpg', 'https://ccm.ddcdn.com/ext/photo-l/06/0c/fd/59/caption.jpg']","[{'url': 'https://ccm.ddcdn.com/ext/photo-l/06/0c/fd/48/caption.jpg', 'path': '06_0c_fd_48_caption.jpg', 'checksum': '72334a2f76c849e7f9118d0501b04dd5'}, {'url': 'https://ccm.ddcdn.com/ext/photo-l/06/0c/fd/88/caption.jpg', 'path': '06_0c_fd_88_caption.jpg', 'checksum': 'd7738610df9e6dc6fd3e2ac90d662394'}, {'url': 'https://ccm.ddcdn.com/ext/photo-l/06/0c/fd/37/caption.jpg', 'path': '06_0c_fd_37_caption.jpg', 'checksum': '97eeeddd036dfdc11292d639fadd72d2'}, {'url': 'https://ccm.ddcdn.com/ext/photo-l/06/0c/fd/59/caption.jpg', 'path': '06_0c_fd_59_caption.jpg', 'checksum': '44c5887b04f4ed6b2195bd6d3978bd99'}]",上海的宁静国度,,stanksh4food
191,2014年3月12日,40,朱家角离上海市区不算远，比起城市的喧嚣拥挤，朱家角可算是宁静的小镇了。去的时候下着细雨，有着江南小镇的感觉。内里的东西都偏甜，吃习惯。,['images\\05_68_da_f8_caption.jpg'],['https://ccm.ddcdn.com/photo-l/05/68/da/f8/caption.jpg'],"[{'url': 'https://ccm.ddcdn.com/photo-l/05/68/da/f8/caption.jpg', 'path': '05_68_da_f8_caption.jpg', 'checksum': '0d94ef24879f23292804fe46afa8d9d7'}]",宁静的小镇,,雨齐113
192,2014年2月15日,50,一个古老的小镇，很有历史。又名七宝古镇，所谓七宝是飞来佛、氽来钟、金字莲花经、神树、金鸡、玉斧、玉筷。喜欢这种风格的小镇，近年来这样的小镇很火。,['images\\05_47_30_f1_caption.jpg'],['https://ccm.ddcdn.com/photo-l/05/47/30/f1/caption.jpg'],"[{'url': 'https://ccm.ddcdn.com/photo-l/05/47/30/f1/caption.jpg', 'path': '05_47_30_f1_caption.jpg', 'checksum': '84e0ad5981620e00916a61194a1a1573'}]",有意思的小镇,北京市,那个地方
193,2013年12月28日,40,朱家角古镇位于上海西边40多公里处，我们从华山路站坐公车去。首先，古镇可以免费进去，与以前去过的水乡古镇不一样，这很好，不需要买门票，这种做法我觉得很合理。因为，现在哪个古镇也免不了商业化，这个古镇也不例外。不过，免费来商业街还可以原谅，买门票看的都是商业街的话，那可太惨了。而且，古镇的大部分商店不摆在水路边，水路边还保持着安静的气氛。我们最后坐船从课植园到回到城隍庙附近，船上看着水路边的风景，感觉格外舒服，我对这古镇的印象相当不错。,['images\\04_f7_65_76_caption.jpg'],['https://ccm.ddcdn.com/photo-l/04/f7/65/76/caption.jpg'],"[{'url': 'https://ccm.ddcdn.com/photo-l/04/f7/65/76/caption.jpg', 'path': '04_f7_65_76_caption.jpg', 'checksum': 'ee6f1b06fdd4a8a8e9c99c9d98d1b4d2'}]",可以免费进去,北京市,zhangmao
194,2013年11月28日,40,江浙沪的水乡古镇很多，但基本相差不大，朱家角没有门票，内部的园子想进去看可以单买门票，感觉商业气氛比周庄淡些，上海郊区有空去逛逛还不错，那里的肉粽很有名上过电视，味道不错，蹄髈猪脚也还行，还有粽叶裹着的红烧肉味道不错，还有淀山湖河鲜吃，那里还新开了星巴克，满记，爱茜茜里，算是多样补充。,['images\\04_fa_bf_2c_caption.jpg'],['https://ccm.ddcdn.com/photo-l/04/fa/bf/2c/caption.jpg'],"[{'url': 'https://ccm.ddcdn.com/photo-l/04/fa/bf/2c/caption.jpg', 'path': '04_fa_bf_2c_caption.jpg', 'checksum': 'f1b9f752635b6ad14bf805ce48723b7f'}]",古镇都差不多,,mynetfly
195,2013年11月28日,40,景观不错，门票也不贵。旅游团跟老外特别多。村民超级有生意头脑！停车买票各种拉客人。显然是停在公家场所比较安心啦。值得一去噢,['images\\04_fa_ac_06_caption.jpg'],['https://ccm.ddcdn.com/photo-l/04/fa/ac/06/caption.jpg'],"[{'url': 'https://ccm.ddcdn.com/photo-l/04/fa/ac/06/caption.jpg', 'path': '04_fa_ac_06_caption.jpg', 'checksum': '966f9bc2d7704be8e2cc244fbbfe5766'}]",村民超有生意头脑,香港,hulu85
196,2013年10月28日,40,趁着秋高气爽，去了水乡小镇朱家角，小镇现在不收门票了，这样很好，来的客人不少，商户多有新开的且生意都不错，以卖小工艺品和当地土特产为主，我们是从沪青青平高速下来走珠溪路从镇西进镇的，沿西井街走到放生桥，一些小吃比较吸引人，貌似卖东西的，西井街靠课植园河这边比对岸便宜些。周末到这里走走，坐在河边发发呆，是个不错的选择！,['images\\04_d6_49_ad_caption.jpg'],['https://ccm.ddcdn.com/photo-l/04/d6/49/ad/caption.jpg'],"[{'url': 'https://ccm.ddcdn.com/photo-l/04/d6/49/ad/caption.jpg', 'path': '04_d6_49_ad_caption.jpg', 'checksum': 'd2b78ca3062c1b67da1eaf10f86b9f6a'}]",水乡小镇,上海市,zxy071
197,2013年8月31日,30,上海哪里人都多，尤其景区，这个古镇其实并没有乌镇，西塘那样出名，但是胜在地理位置好，又不需要花钱，到处都是卖酱肘子跟粽子的店。不过景区太脏，缺乏管理，有些乱糟糟。,['images\\04_8b_49_f5_caption.jpg'],['https://ccm.ddcdn.com/photo-l/04/8b/49/f5/caption.jpg'],"[{'url': 'https://ccm.ddcdn.com/photo-l/04/8b/49/f5/caption.jpg', 'path': '04_8b_49_f5_caption.jpg', 'checksum': 'cf099b65c389c721cf74b036c1246f49'}]",人太多，比较脏，但是没有门票,上海市,江北京南
198,2013年7月27日,30,离上海市区最近的古镇了吧，挺小的，人也不多。没啥特别的感受，古镇都差不多一个样子，里面的店铺也都是那些东西。随便逛逛吧。水乐堂的演出可以看看,['images\\04_53_4e_c3_caption.jpg'],['https://ccm.ddcdn.com/photo-l/04/53/4e/c3/caption.jpg'],"[{'url': 'https://ccm.ddcdn.com/photo-l/04/53/4e/c3/caption.jpg', 'path': '04_53_4e_c3_caption.jpg', 'checksum': '4c051247c0ef946ed71d59f8c4888c2e'}]",很小的古镇,山东省青岛市,charles203
199,2013年7月8日,40,从上海市区到朱家角蛮方便，有多条公交和专线车运营。单纯看看纯悠，免费。有传统江南水乡的特色，小桥、流水、人家。近河两则，商业林立、很多的食肆，走进弄堂，又是另一番景色，有生活气息的，原住民居住然的旧宅，清幽安静，不错。,['images\\04_18_f1_e5_caption.jpg'],['https://ccm.ddcdn.com/photo-l/04/18/f1/e5/caption.jpg'],"[{'url': 'https://ccm.ddcdn.com/photo-l/04/18/f1/e5/caption.jpg', 'path': '04_18_f1_e5_caption.jpg', 'checksum': '836ca986452bc5bdaeb1ebc6080dbf1a'}]",江南水乡,云南省大理市,琛森
200,2013年6月6日,30,当天有点下雨，周末，人太多，走完一条街都要很久，就是古镇。餐饮价格适中，还可以接受。有很多卖蹄髈的，色泽很舒服，就是没吃过。有家卖汤圆的还可以吃，忘记名字了。不好意思。,"['images\\04_0d_b3_38_caption.jpg', 'images\\04_0d_b3_3b_caption.jpg', 'images\\04_0d_b3_3c_caption.jpg', 'images\\04_0d_b3_39_caption.jpg']","['https://ccm.ddcdn.com/photo-l/04/0d/b3/38/caption.jpg', 'https://ccm.ddcdn.com/photo-l/04/0d/b3/3b/caption.jpg', 'https://ccm.ddcdn.com/photo-l/04/0d/b3/3c/caption.jpg', 'https://ccm.ddcdn.com/photo-l/04/0d/b3/39/caption.jpg']","[{'url': 'https://ccm.ddcdn.com/photo-l/04/0d/b3/38/caption.jpg', 'path': '04_0d_b3_38_caption.jpg', 'checksum': 'e39030f610233bffed7356568aba71ec'}, {'url': 'https://ccm.ddcdn.com/photo-l/04/0d/b3/3b/caption.jpg', 'path': '04_0d_b3_3b_caption.jpg', 'checksum': '42681c16604b19dcd9d72f5025fdc498'}, {'url': 'https://ccm.ddcdn.com/photo-l/04/0d/b3/3c/caption.jpg', 'path': '04_0d_b3_3c_caption.jpg', 'checksum': 'd11c84b546f7adaf94ba015e7212f5c5'}, {'url': 'https://ccm.ddcdn.com/photo-l/04/0d/b3/39/caption.jpg', 'path': '04_0d_b3_39_caption.jpg', 'checksum': '6a1530b27c5862a15190a5acbb93878a'}]",人太多,重庆市,潇潇妹儿
201,2013年4月28日,40,相比较动则门票上百的各大古镇，朱家角的性价比实在是高，因为门票免费，里面的个别景点另行收费，但是价格也不高，周末人山人海，古镇的特产是蹄膀和肉粽，都值得一尝，还有小时候值得回忆的麦芽糖，一瓶才10块钱，上海绝对值得一去的景点,['images\\03_df_99_bf_caption.jpg'],['https://ccm.ddcdn.com/photo-l/03/df/99/bf/caption.jpg'],"[{'url': 'https://ccm.ddcdn.com/photo-l/03/df/99/bf/caption.jpg', 'path': '03_df_99_bf_caption.jpg', 'checksum': '4d4f487052ab32e2ce8aef8a2346c4ae'}]",门票免费,,Linazhu83
202,2013年2月25日,40,"一个具有江南气息的古镇，似乎每一个古镇都有那么点的商业化。春意正浓，在穿过人口繁杂的巷子，步入居民住处，所描绘出的是一副温暖惬意朱家角美妙的画面。
水贯穿了整个古镇，小桥流水人家美哉美哉。傍晚一个人静静走着，像穿越了百年之后与朱家角一起生活着。连呼吸都是那么清新那么美妙。","['images\\03_a1_3e_f7_caption.jpg', 'images\\03_a1_3e_ef_caption.jpg', 'images\\03_a1_3e_f9_caption.jpg', 'images\\03_a1_3e_f0_p1070056.jpg']","['https://ccm.ddcdn.com/photo-f/03/a1/3e/f7/caption.jpg', 'https://ccm.ddcdn.com/photo-l/03/a1/3e/ef/caption.jpg', 'https://ccm.ddcdn.com/photo-f/03/a1/3e/f9/caption.jpg', 'https://ccm.ddcdn.com/photo-f/03/a1/3e/f0/p1070056.jpg']","[{'url': 'https://ccm.ddcdn.com/photo-f/03/a1/3e/f7/caption.jpg', 'path': '03_a1_3e_f7_caption.jpg', 'checksum': '6914687bf2d3e4324720176237bffa82'}, {'url': 'https://ccm.ddcdn.com/photo-l/03/a1/3e/ef/caption.jpg', 'path': '03_a1_3e_ef_caption.jpg', 'checksum': '344d1247b248fb959487fdae24081427'}, {'url': 'https://ccm.ddcdn.com/photo-f/03/a1/3e/f9/caption.jpg', 'path': '03_a1_3e_f9_caption.jpg', 'checksum': '1d5b2587c2d02a35c7f57f12a8ec9d23'}, {'url': 'https://ccm.ddcdn.com/photo-f/03/a1/3e/f0/p1070056.jpg', 'path': '03_a1_3e_f0_p1070056.jpg', 'checksum': 'b30c8afa8bcfc3d9329cf2f1a31a2370'}]",朱家角点评,上海市,江南大哥
203,2012年12月29日,40,上海最的的古镇，在青浦。有同学是这里的，带着我们进去不要钱。古镇和其他江南水乡类似，没有特别鲜明的特色。这里有一个邮局，是大清时代中国最早开办的邮政，门口的邮筒非常古老。,['images\\03_4a_b4_3e_caption.jpg'],['https://ccm.ddcdn.com/photo-l/03/4a/b4/3e/caption.jpg'],"[{'url': 'https://ccm.ddcdn.com/photo-l/03/4a/b4/3e/caption.jpg', 'path': '03_4a_b4_3e_caption.jpg', 'checksum': '556ce82273adbd62f809084f2359292d'}]",江南水乡,,aran8207
204,2012年11月24日,40,离上海很近，有公交车到达。未完全商业化开发，人相对少，所以旅游较为舒适。景区不收门票，是比较典型的江南水乡，还是不错的上海周边的休闲场所。值得一去。,['images\\03_30_30_91_caption.jpg'],['https://ccm.ddcdn.com/photo-l/03/30/30/91/caption.jpg'],"[{'url': 'https://ccm.ddcdn.com/photo-l/03/30/30/91/caption.jpg', 'path': '03_30_30_91_caption.jpg', 'checksum': 'f93d3923157d5d39f7e8ef06dfcf6d46'}]",还可以,北京市,wxfc2012
205,2012年9月4日,40,上海周边很多古镇，朱家角是离上海最近的，规模不算太大，但也同样吸引了很多的游客，漫步街头，看看各种民间艺术品和小吃专卖，给大城市居民提供了另一种生活体验。,['images\\02_e6_90_eb_caption.jpg'],['https://ccm.ddcdn.com/photo-l/02/e6/90/eb/caption.jpg'],"[{'url': 'https://ccm.ddcdn.com/photo-l/02/e6/90/eb/caption.jpg', 'path': '02_e6_90_eb_caption.jpg', 'checksum': '50b00dbb3c801ef83729a76f962f7ffb'}]",古镇很美,上海市,bigsharing
206,2012年8月18日,40,虽然名气跟周庄和乌镇没法比，但是也算是江南水乡了，最大的特点就是不用门票哈，但交通位置就有点不太好了，从上海市区过去还得一个多钟头，卫生环境还可以,['images\\02_d5_78_52_caption.jpg'],['https://ccm.ddcdn.com/photo-l/02/d5/78/52/caption.jpg'],"[{'url': 'https://ccm.ddcdn.com/photo-l/02/d5/78/52/caption.jpg', 'path': '02_d5_78_52_caption.jpg', 'checksum': '358ab4a4fc8b7861ea52997e32ff87a3'}]",印象朱家角,江苏省南京市,黑菜
207,2011年11月20日,40,最是江南烟花雨，醉人时节更留人。慢慢细雨中，独步徜徉在古镇中，静下来，在路边的咖啡馆喝上一杯卡布奇诺。在静谧的河边，古镇的悠扬中，细心品味着，其实生命本该如此。,"['images\\02_45_ae_82_dsc06973.jpg', 'images\\02_45_ae_83_dsc06971.jpg']","['https://ccm.ddcdn.com/photo-l/02/45/ae/82/dsc06973.jpg', 'https://ccm.ddcdn.com/photo-l/02/45/ae/83/dsc06971.jpg']","[{'url': 'https://ccm.ddcdn.com/photo-l/02/45/ae/82/dsc06973.jpg', 'path': '02_45_ae_82_dsc06973.jpg', 'checksum': '0f4658def7e4a90a1715bb364887c709'}, {'url': 'https://ccm.ddcdn.com/photo-l/02/45/ae/83/dsc06971.jpg', 'path': '02_45_ae_83_dsc06971.jpg', 'checksum': 'e4c5ae97c63bbc367d416778172a170b'}]",很有一番情调,,蓝水
208,2011年11月1日,40,朱家角属于大上海，她极具江南小镇特色，是一个非常不错的旅游目的地。只有来过这里才能知道朱家角与周庄、乌镇、绍兴等地的共同点和不同点。走过多个小镇，各有特色，水乡美景。,"['images\\02_40_3b_9a_psucaf9afi3.jpg', 'images\\02_40_3b_9b_psucai215rk.jpg', 'images\\02_40_3b_9d_psucaq6brvw.jpg', 'images\\02_40_3b_9c_psucan3sfkz.jpg']","['https://ccm.ddcdn.com/photo-l/02/40/3b/9a/psucaf9afi3.jpg', 'https://ccm.ddcdn.com/photo-l/02/40/3b/9b/psucai215rk.jpg', 'https://ccm.ddcdn.com/photo-l/02/40/3b/9d/psucaq6brvw.jpg', 'https://ccm.ddcdn.com/photo-l/02/40/3b/9c/psucan3sfkz.jpg']","[{'url': 'https://ccm.ddcdn.com/photo-l/02/40/3b/9a/psucaf9afi3.jpg', 'path': '02_40_3b_9a_psucaf9afi3.jpg', 'checksum': '3bbcb36627e162e1225d572b222732c5'}, {'url': 'https://ccm.ddcdn.com/photo-l/02/40/3b/9b/psucai215rk.jpg', 'path': '02_40_3b_9b_psucai215rk.jpg', 'checksum': 'd37acd4ed661f62b7cb2873a132194c2'}, {'url': 'https://ccm.ddcdn.com/photo-l/02/40/3b/9d/psucaq6brvw.jpg', 'path': '02_40_3b_9d_psucaq6brvw.jpg', 'checksum': '204ade18b5296401d300edb3b53e5afe'}, {'url': 'https://ccm.ddcdn.com/photo-l/02/40/3b/9c/psucan3sfkz.jpg', 'path': '02_40_3b_9c_psucan3sfkz.jpg', 'checksum': '120159f74ca480527da45d0ce630f503'}]",朱家角极具江南小镇特色,廊坊市河北省,哈姆雷特王子
209,2011年8月30日,50,去过几个江南小镇，周庄也去过，但朱家角相对于其他小镇来说，一样的江南小镇有着不一样的风景。这里既有小镇的景色，更有上海独有的历史。,"['images\\02_28_b9_e1_dscf3545.jpg', 'images\\02_28_b9_e5_dscf3535.jpg', 'images\\02_28_b9_e4_dscf3532.jpg', 'images\\02_28_b9_e3_dscf3542.jpg']","['https://ccm.ddcdn.com/photo-l/02/28/b9/e1/dscf3545.jpg', 'https://ccm.ddcdn.com/photo-l/02/28/b9/e5/dscf3535.jpg', 'https://ccm.ddcdn.com/photo-l/02/28/b9/e4/dscf3532.jpg', 'https://ccm.ddcdn.com/photo-l/02/28/b9/e3/dscf3542.jpg']","[{'url': 'https://ccm.ddcdn.com/photo-l/02/28/b9/e1/dscf3545.jpg', 'path': '02_28_b9_e1_dscf3545.jpg', 'checksum': '73f735e42d12f95ad4aec976625a85ca'}, {'url': 'https://ccm.ddcdn.com/photo-l/02/28/b9/e5/dscf3535.jpg', 'path': '02_28_b9_e5_dscf3535.jpg', 'checksum': 'f48c4e6b8e0bab11a1c3d29df26c0006'}, {'url': 'https://ccm.ddcdn.com/photo-l/02/28/b9/e4/dscf3532.jpg', 'path': '02_28_b9_e4_dscf3532.jpg', 'checksum': '25fbe66e434e225dbe38ce9adb6d1946'}, {'url': 'https://ccm.ddcdn.com/photo-l/02/28/b9/e3/dscf3542.jpg', 'path': '02_28_b9_e3_dscf3542.jpg', 'checksum': 'cf1eb7d147f2553b757ac5f331b3dd3b'}]",一样的江南小镇不一样的风景,河北省廊坊市,越来越陌生
210,2011年8月14日,50,朱家角古镇是一个百年古镇，古镇上还保留有清代邮政局，是一个历史悠久的古镇，在古镇呆上2天，慢慢地感受古镇的静与美。,"['images\\02_17_98_0e_img-4962.jpg', 'images\\02_17_98_0d_img-4856.jpg']","['https://ccm.ddcdn.com/photo-l/02/17/98/0e/img-4962.jpg', 'https://ccm.ddcdn.com/photo-l/02/17/98/0d/img-4856.jpg']","[{'url': 'https://ccm.ddcdn.com/photo-l/02/17/98/0e/img-4962.jpg', 'path': '02_17_98_0e_img-4962.jpg', 'checksum': 'a39d7b2223902366a4ba4166dafbde99'}, {'url': 'https://ccm.ddcdn.com/photo-l/02/17/98/0d/img-4856.jpg', 'path': '02_17_98_0d_img-4856.jpg', 'checksum': 'c35661cbf85a5dfadae5d49b554f8f7b'}]",朱家角古镇,福建省泉州市,YORIWANG
211,2011年7月15日,50,白墙黑瓦，不同的婺源的是多了商业的气氛，但还算好，人们都很淳朴，各种复古小店和咖啡馆，朱家角的傍晚最美，日落余晖映照在水面上，白墙上亮出波光粼粼的纹路，非常漂亮。,['images\\02_0d_4e_fe_caption.jpg'],['https://ccm.ddcdn.com/photo-f/02/0d/4e/fe/caption.jpg'],"[{'url': 'https://ccm.ddcdn.com/photo-f/02/0d/4e/fe/caption.jpg', 'path': '02_0d_4e_fe_caption.jpg', 'checksum': 'd77b32c2ae39cc23f459a39c303fcc1b'}]",水乡音乐,上海市,joivan007
212,2011年7月3日,30,表哥带去的，比之前去的七宝古镇要好些，不过玩下来觉得江南古镇都是一样的，都是小桥流水人家，到处是卖粽子，神马沈万三猪蹄（？）的，总觉得大热天这些都会变质。。。。。。这么玩一趟觉得上海真没什么可玩的，只能逛逛街,['images\\02_09_e6_0a_p1010900.jpg'],['https://ccm.ddcdn.com/photo-l/02/09/e6/0a/p1010900.jpg'],"[{'url': 'https://ccm.ddcdn.com/photo-l/02/09/e6/0a/p1010900.jpg', 'path': '02_09_e6_0a_p1010900.jpg', 'checksum': 'ec52b13e5cbc61a577484dc912c398f9'}]",感觉比较一般,江苏省南京市,berryer223
213,2011年6月23日,40,"1、从上海旅游集散中心购票乘车到青浦区朱家角
2、景区没怎么被开发，商业气息不算浓，只有当地居民做点小生意
3、能感受到当地居民原汁原味的生活气息","['images\\02_45_f5_19_img-0353.jpg', 'images\\02_45_f5_1b_img-0359.jpg', 'images\\02_45_f5_15_img-0323.jpg', 'images\\02_45_f5_16_img-0325.jpg']","['https://ccm.ddcdn.com/photo-l/02/45/f5/19/img-0353.jpg', 'https://ccm.ddcdn.com/photo-l/02/45/f5/1b/img-0359.jpg', 'https://ccm.ddcdn.com/photo-l/02/45/f5/15/img-0323.jpg', 'https://ccm.ddcdn.com/photo-l/02/45/f5/16/img-0325.jpg']","[{'url': 'https://ccm.ddcdn.com/photo-l/02/45/f5/19/img-0353.jpg', 'path': '02_45_f5_19_img-0353.jpg', 'checksum': '259452025ec42082ff5b4cc1c9b92592'}, {'url': 'https://ccm.ddcdn.com/photo-l/02/45/f5/1b/img-0359.jpg', 'path': '02_45_f5_1b_img-0359.jpg', 'checksum': '815a277ef9c4ade165c4166cad9f5fe0'}, {'url': 'https://ccm.ddcdn.com/photo-l/02/45/f5/15/img-0323.jpg', 'path': '02_45_f5_15_img-0323.jpg', 'checksum': 'a2f08aa1b6c8333c93900311ff6d6c2f'}, {'url': 'https://ccm.ddcdn.com/photo-l/02/45/f5/16/img-0325.jpg', 'path': '02_45_f5_16_img-0325.jpg', 'checksum': 'fcb05aac8dd40adf7254eb3655af7773'}]",原汁原味,天津市,SheldonZheng
214,2011年6月21日,30,"还蛮热闹的，在小巷子里还可以看到一些摆设独特的小咖啡店，书店等.....
每穿过一条巷子就有一座小拱桥,那拱桥历史应该有点久了.","['images\\02_03_3e_56_8.jpg', 'images\\02_03_3e_57_7.jpg', 'images\\02_03_3e_53_2.jpg', 'images\\02_03_3e_55_5.jpg']","['https://ccm.ddcdn.com/photo-l/02/03/3e/56/8.jpg', 'https://ccm.ddcdn.com/photo-l/02/03/3e/57/7.jpg', 'https://ccm.ddcdn.com/photo-l/02/03/3e/53/2.jpg', 'https://ccm.ddcdn.com/photo-l/02/03/3e/55/5.jpg']","[{'url': 'https://ccm.ddcdn.com/photo-l/02/03/3e/56/8.jpg', 'path': '02_03_3e_56_8.jpg', 'checksum': '1b8f6d0bd6ca97b1bf9504564b7bbc4a'}, {'url': 'https://ccm.ddcdn.com/photo-l/02/03/3e/57/7.jpg', 'path': '02_03_3e_57_7.jpg', 'checksum': 'beb9d870bf82dcc351d9fba2af13fcc2'}, {'url': 'https://ccm.ddcdn.com/photo-l/02/03/3e/53/2.jpg', 'path': '02_03_3e_53_2.jpg', 'checksum': '5866f4dc07838fbba238eed287fda899'}, {'url': 'https://ccm.ddcdn.com/photo-l/02/03/3e/55/5.jpg', 'path': '02_03_3e_55_5.jpg', 'checksum': '7d8b8f25c105063ad59b860f73df8d35'}]",老房子,湖北省武汉市,陈泽萌
215,2011年6月5日,50,"去朱家角的时候，天气正冷，那天是小年夜，上班族还没放假，于是游人并不多，阳光正好！
臭豆腐蘸着特制的酱料味道很赞！扎肉和肉粽很合算，是当地的特产，很值得一试。
另，白水鱼也是当地的特色，清蒸味道鲜美。
有很多特色小店，建议不用一大清早就去逛，那里的店家清闲自由，不是节假日大都很晚才开店门，早去可能扑空哦~
有很多个性的咖啡屋，如果不急着走，选一家心仪的坐一下午，慵懒惬意，未尝不可！？
那里的酒吧，到了晚上，运气好的话，可能有特别节目。","['images\\02_00_12_67_caption.jpg', 'images\\02_00_12_6b_caption.jpg', 'images\\02_00_12_66_caption.jpg', 'images\\02_00_12_69_caption.jpg']","['https://ccm.ddcdn.com/photo-l/02/00/12/67/caption.jpg', 'https://ccm.ddcdn.com/photo-l/02/00/12/6b/caption.jpg', 'https://ccm.ddcdn.com/photo-l/02/00/12/66/caption.jpg', 'https://ccm.ddcdn.com/photo-l/02/00/12/69/caption.jpg']","[{'url': 'https://ccm.ddcdn.com/photo-l/02/00/12/67/caption.jpg', 'path': '02_00_12_67_caption.jpg', 'checksum': '5feb9aadfa511be74b1660b23c09caa4'}, {'url': 'https://ccm.ddcdn.com/photo-l/02/00/12/6b/caption.jpg', 'path': '02_00_12_6b_caption.jpg', 'checksum': 'acedddb5e804f3175dc81d3d51d8797d'}, {'url': 'https://ccm.ddcdn.com/photo-l/02/00/12/66/caption.jpg', 'path': '02_00_12_66_caption.jpg', 'checksum': 'c3aa15075f7e465e42a324b203a58ff0'}, {'url': 'https://ccm.ddcdn.com/photo-l/02/00/12/69/caption.jpg', 'path': '02_00_12_69_caption.jpg', 'checksum': 'e7429c84fa4e59a1c635d77b7b7f1e9f'}]",冬日游朱家角古镇,上海市,格屋阿瓜
216,2011年6月3日,40,环境很不错值得一去，过惯都市生活的人，可以去古镇走走，感受下古镇的文化与气息。调节生活压力，拍拍照，联络联络感情,"['images\\01_ff_4d_2e_c-fakepath-img-1137.jpg', 'images\\01_ff_4d_2f_c-fakepath-img-1106.jpg']","['https://ccm.ddcdn.com/photo-l/01/ff/4d/2e/c-fakepath-img-1137.jpg', 'https://ccm.ddcdn.com/photo-l/01/ff/4d/2f/c-fakepath-img-1106.jpg']","[{'url': 'https://ccm.ddcdn.com/photo-l/01/ff/4d/2e/c-fakepath-img-1137.jpg', 'path': '01_ff_4d_2e_c-fakepath-img-1137.jpg', 'checksum': 'dfb272b8769cd365e01b6447b4011f60'}, {'url': 'https://ccm.ddcdn.com/photo-l/01/ff/4d/2f/c-fakepath-img-1106.jpg', 'path': '01_ff_4d_2f_c-fakepath-img-1106.jpg', 'checksum': '7bef1b57da0de542fc6e67876aa6f74c'}]",约上三五好友，休闲的一天,上海市,jonking5
217,2011年5月9日,50,朱家角距上海市中心48公里，交通便利，镇内小桥流水，古意盎然。我们是平日去的，人少，不要门票，朱家角的小桥很多，古镇的街道是石板路。我们晚上还在镇上吃了一顿饭，饭菜很香。,"['images\\01_f5_e0_5c_img-1211.jpg', 'images\\01_f5_e0_5d_img-1214.jpg']","['https://ccm.ddcdn.com/photo-l/01/f5/e0/5c/img-1211.jpg', 'https://ccm.ddcdn.com/photo-l/01/f5/e0/5d/img-1214.jpg']","[{'url': 'https://ccm.ddcdn.com/photo-l/01/f5/e0/5c/img-1211.jpg', 'path': '01_f5_e0_5c_img-1211.jpg', 'checksum': 'f5cc0592a96d4e80ed2e7d2731af106f'}, {'url': 'https://ccm.ddcdn.com/photo-l/01/f5/e0/5d/img-1214.jpg', 'path': '01_f5_e0_5d_img-1214.jpg', 'checksum': '0a0442c528c8253d01b9086de0df39e6'}]",朱家角古镇,北京市,cao007
218,2011年5月8日,40,"朱家角素有上海威尼斯、沪郊好莱坞之誉，黄金水道槽港河穿镇而过，是上海保存最完整的江南水乡古镇。
我们下午到达的古镇，天气由阴渐渐转晴了，游人逐渐多了起来。刚到就发现了广场对面的开封菜（KFC）。朱家角的小桥很多，在小桥上欣赏旖旎的江南小镇风光十分惬意。古镇的街道是石板路，十分古朴，两旁的建筑也还保持着古式的江南风格，古镇很小，临河处修筑了石制长椅，坐在垂柳下，看河面水色粼粼，来来往往载着游人的木船，才似进入了真正的古镇，进入了江南的诗情画意中。",['images\\01_f5_db_a8_caption.jpg'],['https://ccm.ddcdn.com/photo-l/01/f5/db/a8/caption.jpg'],"[{'url': 'https://ccm.ddcdn.com/photo-l/01/f5/db/a8/caption.jpg', 'path': '01_f5_db_a8_caption.jpg', 'checksum': 'deb6a895ca20e36aa2e1729730ef1be0'}]",品春茶 赏古镇,辽宁省大连市,adamduan
219,2011年5月5日,30,"朱家角古镇很小，步行游完约2个小时就能够走完行程，去的话大部分会体会一下游船的感觉，其实贵而且不划算，步入在靠湖的地方找个酒家二楼看看风景，吹吹风，感觉还是很不错的。
或者是在河岸边花上30块钱来一壶茶，和朋友聊聊天，也是很不错的享受，至于里面的小吃也就一般了，特色谈不上吧。","['images\\01_f4_51_2e_caption.jpg', 'images\\01_f4_51_2f_caption.jpg']","['https://ccm.ddcdn.com/photo-l/01/f4/51/2e/caption.jpg', 'https://ccm.ddcdn.com/photo-l/01/f4/51/2f/caption.jpg']","[{'url': 'https://ccm.ddcdn.com/photo-l/01/f4/51/2e/caption.jpg', 'path': '01_f4_51_2e_caption.jpg', 'checksum': 'f62069553cf62cd48f401cfe9ced75b8'}, {'url': 'https://ccm.ddcdn.com/photo-l/01/f4/51/2f/caption.jpg', 'path': '01_f4_51_2f_caption.jpg', 'checksum': 'eb238b1f600e032d4f3a11da8674cfd5'}]",朱家角一日游,上海市,追寻生命的灯
220,2011年4月7日,40,从上海体育馆坐一个小时的车就到朱家角了，很方便。没有买套票，很随性的溜达，街边有很多小吃卖，还可以做成真空打包带走，很人性化。古镇很小，人很多，估计静下来的时候会很有小桥流水人家的感觉~古镇的门票就是一张明信片，可以写下地址在镇上古老的朱家角邮局邮寄回家做纪念~,['images\\01_e8_c3_61_dsc01343.jpg'],['https://ccm.ddcdn.com/photo-l/01/e8/c3/61/dsc01343.jpg'],"[{'url': 'https://ccm.ddcdn.com/photo-l/01/e8/c3/61/dsc01343.jpg', 'path': '01_e8_c3_61_dsc01343.jpg', 'checksum': '80bb7784701e35f9e4e23595af7d70cc'}]",历史悠久的小镇,天津市,月爱鱼
221,2011年3月13日,50,在繁华的上海还有如此古色古香美的地方，真的好喜欢。不过感觉现在商业开发的太严重了，而且商贩追着客人跑，实在有点影响。,"['images\\01_e2_23_3e_caption.jpg', 'images\\01_e2_23_3f_caption.jpg']","['https://ccm.ddcdn.com/photo-l/01/e2/23/3e/caption.jpg', 'https://ccm.ddcdn.com/photo-l/01/e2/23/3f/caption.jpg']","[{'url': 'https://ccm.ddcdn.com/photo-l/01/e2/23/3e/caption.jpg', 'path': '01_e2_23_3e_caption.jpg', 'checksum': '27dea31cf6da74242d50ad340459db8f'}, {'url': 'https://ccm.ddcdn.com/photo-l/01/e2/23/3f/caption.jpg', 'path': '01_e2_23_3f_caption.jpg', 'checksum': '02b65c36d2105f0b52d553d7bbc663a6'}]",喜欢古色古香,广东省珠海市,whw8416
222,2010年11月10日,10,因为看碟中谍3，才想起来去上海郊区的古镇看看。实景和期待值天差地别，全是卖小吃、食品、射击游戏的，有上千个地摊充斥着整个景区。没有一点古色古香的自然景致，全部被商业化破坏了。很失望。,"['images\\02_42_7d_46_caption.jpg', 'images\\02_42_7d_49_caption.jpg', 'images\\02_42_7d_4b_caption.jpg']","['https://ccm.ddcdn.com/photo-l/01/ce/9e/52/caption.jpg', 'https://ccm.ddcdn.com/photo-l/02/42/7d/46/caption.jpg', 'https://ccm.ddcdn.com/photo-l/02/42/7d/49/caption.jpg', 'https://ccm.ddcdn.com/photo-l/02/42/7d/4b/caption.jpg']","[{'url': 'https://ccm.ddcdn.com/photo-l/02/42/7d/46/caption.jpg', 'path': '02_42_7d_46_caption.jpg', 'checksum': '0ac7cace1f850dedb223af678f45fd22'}, {'url': 'https://ccm.ddcdn.com/photo-l/02/42/7d/49/caption.jpg', 'path': '02_42_7d_49_caption.jpg', 'checksum': 'f87566da958fdec458943f0d258f66ea'}, {'url': 'https://ccm.ddcdn.com/photo-l/02/42/7d/4b/caption.jpg', 'path': '02_42_7d_4b_caption.jpg', 'checksum': 'ae306ff4115bc6c90a3b6ef89ececba7'}]",印象很差 全是做小买卖的,山东省青州市,iamloki
223,2010年9月9日,40,"一到古镇门口，有点打退堂鼓，有点欠缺整体管理~
既来之则安之，放下行囊，重拾游玩的心，始游古镇！
1.古镇很特别，一座座小小的老宅连成一片，不同于电视上北京的大大的大杂院，不像我们南方被宽广的大海包围着的景致，傍着那长长的江水形成一幅别致的景致,很好的取景地点。
2.古色古香的门店里卖各式各样的中国传统小商品，伴着诱人香气的万三猪脚，还有那端午节必不可少的各式粽子，加上端午节日各地奔来的游客，小小的石头路上尽是人潮，伴随着我咕咕叫的肚子前进着。
3.假日的下午人实在太多了，古镇不大一个下午就在人潮中到了尽头。
4.隔日早晨，我们趁人流不再如昨日如此吵杂拥挤，我们再游静溢的古镇之美。可惜没有再次感动，倍显无聊。
5.走着走着，禁不住船家的招呼和打折，我们踏上了小船进行20分钟的游古镇——水上看古镇，才知古镇美。狂举着数码相机捕捉着古镇景致，享受着短短20分钟的上午时光的悠闲，真棒~","['images\\01_d6_b5_b4_caption.jpg', 'images\\01_d6_b5_b3_caption.jpg', 'images\\01_d6_b5_b5_caption.jpg']","['https://ccm.ddcdn.com/photo-l/01/d6/b5/b4/caption.jpg', 'https://ccm.ddcdn.com/photo-l/01/d6/b5/b3/caption.jpg', 'https://ccm.ddcdn.com/photo-l/01/d6/b5/b5/caption.jpg']","[{'url': 'https://ccm.ddcdn.com/photo-l/01/d6/b5/b4/caption.jpg', 'path': '01_d6_b5_b4_caption.jpg', 'checksum': 'a1063699fc686e87b16effa792be5d80'}, {'url': 'https://ccm.ddcdn.com/photo-l/01/d6/b5/b3/caption.jpg', 'path': '01_d6_b5_b3_caption.jpg', 'checksum': '0eb3762780c21db4614f64088c62d61d'}, {'url': 'https://ccm.ddcdn.com/photo-l/01/d6/b5/b5/caption.jpg', 'path': '01_d6_b5_b5_caption.jpg', 'checksum': '3e714e77fcaa1af7e7cc4e21ca970109'}]",坐船游景才是感动,福建省厦门市,charlotte.cai
224,2010年9月6日,50,"我们在朱家角待了一天,这是我们假日里最喜欢的部分。小镇很漂亮,有很多小商店和餐馆。我们骑着自行车在小镇里逛来逛去,我们还搭乘了三十分钟的船,让人感觉非常安静。并没有太多的游客,所以我们感觉整个小镇就好像是我们的一样。
我会向任何想要逃离上海喧嚣熙攘的人们推荐这里。","['images\\01_a3_5d_b5_another-view.jpg', 'images\\01_a3_5d_b3_zhujiajiao.jpg', 'images\\01_a3_5d_b6_from-the-boat.jpg']","['https://ccm.ddcdn.com/ext/photo-l/01/a3/5d/b5/another-view.jpg', 'https://ccm.ddcdn.com/ext/photo-l/01/a3/5d/b3/zhujiajiao.jpg', 'https://ccm.ddcdn.com/ext/photo-l/01/a3/5d/b6/from-the-boat.jpg']","[{'url': 'https://ccm.ddcdn.com/ext/photo-l/01/a3/5d/b5/another-view.jpg', 'path': '01_a3_5d_b5_another-view.jpg', 'checksum': 'aa8e10227fbce9385628fde6fd8b8d8a'}, {'url': 'https://ccm.ddcdn.com/ext/photo-l/01/a3/5d/b3/zhujiajiao.jpg', 'path': '01_a3_5d_b3_zhujiajiao.jpg', 'checksum': '667d0e59c259128caffceaad8db78ba7'}, {'url': 'https://ccm.ddcdn.com/ext/photo-l/01/a3/5d/b6/from-the-boat.jpg', 'path': '01_a3_5d_b6_from-the-boat.jpg', 'checksum': '47baef44a62f82d39383be4c0ff0bb28'}]","在上海的时候,这是我们最喜欢的一段时光",英国温莎-梅登黑德,Zabka
225,2010年8月20日,50,2010年4月份去的朱家角古镇，季节很好，水乡，小镇，非常有特点，特别适合去散心，看见静静的水，心情的异常的平静，真美啊，可惜时间太短了，遗憾,"['images\\01_a9_be_bb_2.jpg', 'images\\01_a9_be_ba_1.jpg']","['https://ccm.ddcdn.com/photo-l/01/a9/be/bb/2.jpg', 'https://ccm.ddcdn.com/photo-l/01/a9/be/ba/1.jpg']","[{'url': 'https://ccm.ddcdn.com/photo-l/01/a9/be/bb/2.jpg', 'path': '01_a9_be_bb_2.jpg', 'checksum': '9d38c2c915b9a95d288029e6da7fa365'}, {'url': 'https://ccm.ddcdn.com/photo-l/01/a9/be/ba/1.jpg', 'path': '01_a9_be_ba_1.jpg', 'checksum': 'a1f90e73c0725890b1027f886fc27cde'}]",朱家角古镇,,哪儿
226,2010年7月20日,30,带着期待的心情去，但是实际的效果确实令人有点失望。可能是因为开发过度或者已被破坏，它仅仅是留着江南水乡的一点影子，但是已失去那种味道。有点遗憾…………不过照片拍的效果还可以,"['images\\01_9c_1e_4e_img-2450.jpg', 'images\\01_9c_1e_4f_img-2452.jpg']","['https://ccm.ddcdn.com/photo-l/01/9c/1e/4e/img-2450.jpg', 'https://ccm.ddcdn.com/photo-l/01/9c/1e/4f/img-2452.jpg']","[{'url': 'https://ccm.ddcdn.com/photo-l/01/9c/1e/4e/img-2450.jpg', 'path': '01_9c_1e_4e_img-2450.jpg', 'checksum': '698b66a065c01053edf1428c66c50d75'}, {'url': 'https://ccm.ddcdn.com/photo-l/01/9c/1e/4f/img-2452.jpg', 'path': '01_9c_1e_4f_img-2452.jpg', 'checksum': 'eb0d185a3a0599a3bb494946a5a72f39'}]",江南水乡之一————朱家角,,mayandsusan
227,2010年7月15日,50,上次去上海出差，周末的时候同事说陪我去逛逛，城市确实没什么好逛的，都差不多，后来决定去朱家角古镇，我们坐地铁到上海南站，找到了一辆能到朱家角的公车，路上做了3个小时差不多，很疲惫的到了！很开心的是那天门口不收门票，好像是因为门头还是里面有改造的地方，进到里面之后的感觉是，真的好喜欢这样的风景。其实对比起来总在北京呆着的人，看惯了北京周围怀柔密云的大山，突然看到这样秀美的风景简直喜欢死了！砖清瓦秀，风美水美！小的古镇中间是水泊，我们租了条船绕了一圈，虽然当时是刚过完春节的天气，但是心情和感受真的非常惬意！我们没有去任何一个需要花钱买门票的景点，都是随意的走走看看，虽然只是这样但真的是非常舒服了！中午饭要特别提一下，我们选的是紧靠近湖边上一个二层餐馆，我们坐在了二层靠湖边的窗户位置，透过窗户就能看到下面的湖水和远处的美景，菜色方面那简直是太好吃了，这里很有名的是白水鱼，我们一共5个人，就我一个男生，在点完第一波菜的基础上又加了两回菜才吃饱的，还要了一壶黄酒，就着酒看着风景吃着美食，太舒服了！菜价比较公道，我们要了好多好多菜一共400多，比较可以接受！具体的大家可以看看照片，真的是很不错的有...,"['images\\01_9a_48_aa_caption.jpg', 'images\\01_9a_48_ab_caption.jpg', 'images\\01_9a_48_a7_caption.jpg', 'images\\01_9a_48_a8_caption.jpg']","['https://ccm.ddcdn.com/photo-l/01/9a/48/aa/caption.jpg', 'https://ccm.ddcdn.com/photo-l/01/9a/48/ab/caption.jpg', 'https://ccm.ddcdn.com/photo-l/01/9a/48/a7/caption.jpg', 'https://ccm.ddcdn.com/photo-l/01/9a/48/a8/caption.jpg']","[{'url': 'https://ccm.ddcdn.com/photo-l/01/9a/48/aa/caption.jpg', 'path': '01_9a_48_aa_caption.jpg', 'checksum': '560784eaedb1e04eded0e25296a4b94e'}, {'url': 'https://ccm.ddcdn.com/photo-l/01/9a/48/ab/caption.jpg', 'path': '01_9a_48_ab_caption.jpg', 'checksum': 'c9d61c22a45183b3ceef7dffad10fbbf'}, {'url': 'https://ccm.ddcdn.com/photo-l/01/9a/48/a7/caption.jpg', 'path': '01_9a_48_a7_caption.jpg', 'checksum': '8293f1a0a5647d89d197f74af6029361'}, {'url': 'https://ccm.ddcdn.com/photo-l/01/9a/48/a8/caption.jpg', 'path': '01_9a_48_a8_caption.jpg', 'checksum': 'cce03f4a014dadf6a50a48968bb3cd1a'}]",非常喜欢这样的风景,,大D哥
228,2010年6月4日,40,"小桥,流水,人家,阳春三月,柳树发芽,这个时候外出旅游是如此的惬意.

听着江南的小调,品尝着江南的小吃,在不经意间,时光已经流逝!",['images\\01_91_47_13_7.jpg'],['https://ccm.ddcdn.com/photo-l/01/91/47/13/7.jpg'],"[{'url': 'https://ccm.ddcdn.com/photo-l/01/91/47/13/7.jpg', 'path': '01_91_47_13_7.jpg', 'checksum': 'fc2ec8c21bd36fb7ff5bfd0f39a74225'}]",江南水乡,,shfa2000
229,2010年3月25日,40,去朱家角还是不要周末去，平时去的话人比较少，有几家比较有特色的小店可以进去喝喝咖啡，在古镇喝下午茶感觉比较特别，看着小桥流水，心里特别惬意。建议先从入口走进去，然后坐船再回到起点，这样比较能纵览整个古镇。后门的那条路还没有修好，所以还是哪里进哪里出比较好。,"['images\\01_80_bb_c4_caption.jpg', 'images\\01_80_bb_c5_caption.jpg']","['https://ccm.ddcdn.com/photo-l/01/80/bb/c4/caption.jpg', 'https://ccm.ddcdn.com/photo-l/01/80/bb/c5/caption.jpg']","[{'url': 'https://ccm.ddcdn.com/photo-l/01/80/bb/c4/caption.jpg', 'path': '01_80_bb_c4_caption.jpg', 'checksum': '76f59fb587a4a29bd3f98d727714501e'}, {'url': 'https://ccm.ddcdn.com/photo-l/01/80/bb/c5/caption.jpg', 'path': '01_80_bb_c5_caption.jpg', 'checksum': 'cfccc32772bae6efc1cbb63ee459bff6'}]",上海休闲的好去处,,airslove
